CASE_ID,ACCIDENT_YEAR,PROC_DATE,JURIS,COLLISION_DATE,COLLISION_TIME,OFFICER_ID,REPORTING_DISTRICT,DAY_OF_WEEK,CHP_SHIFT,POPULATION,CNTY_CITY_LOC,SPECIAL_COND,BEAT_TYPE,CHP_BEAT_TYPE,CITY_DIVISION_LAPD,CHP_BEAT_CLASS,BEAT_NUMBER,PRIMARY_RD,SECONDARY_RD,DISTANCE,DIRECTION,INTERSECTION,WEATHER_1,WEATHER_2,STATE_HWY_IND,CALTRANS_COUNTY,CALTRANS_DISTRICT,STATE_ROUTE,ROUTE_SUFFIX,POSTMILE_PREFIX,POSTMILE,LOCATION_TYPE,RAMP_INTERSECTION,SIDE_OF_HWY,TOW_AWAY,COLLISION_SEVERITY,NUMBER_KILLED,NUMBER_INJURED,PARTY_COUNT,PRIMARY_COLL_FACTOR,PCF_CODE_OF_VIOL,PCF_VIOL_CATEGORY,PCF_VIOLATION,PCF_VIOL_SUBSECTION,HIT_AND_RUN,TYPE_OF_COLLISION,MVIW,PED_ACTION,ROAD_SURFACE,ROAD_COND_1,ROAD_COND_2,LIGHTING,CONTROL_DEVICE,CHP_ROAD_TYPE,PEDESTRIAN_ACCIDENT,BICYCLE_ACCIDENT,MOTORCYCLE_ACCIDENT,TRUCK_ACCIDENT,NOT_PRIVATE_PROPERTY,ALCOHOL_INVOLVED,STWD_VEHTYPE_AT_FAULT,CHP_VEHTYPE_AT_FAULT,COUNT_SEVERE_INJ,COUNT_VISIBLE_INJ,COUNT_COMPLAINT_PAIN,COUNT_PED_KILLED,COUNT_PED_INJURED,COUNT_BICYCLIST_KILLED,COUNT_BICYCLIST_INJURED,COUNT_MC_KILLED,COUNT_MC_INJURED,PRIMARY_RAMP,SECONDARY_RAMP,LATITUDE,LONGITUDE,COUNTY,CITY,POINT_X,POINT_Y
9227169,2021,2021-03-24,1602,2021-02-10,1619,1421,45,3,5,4,1602,0,0,0,,0,001,"S 12TH AV","RT 198",0.00,,Y,A,-,N,,,,,,,,,,N,3,0,1,2,A,-,04,21703,,N,C,C,A,A,H,-,A,A,0,,,,,Y,,A,01,0,1,0,0,0,0,0,0,0,"- ","- ",36.320449829101562,-119.67299652099609,KINGS,HANFORD,-119.67308044433594,36.318538665771484
9363491,2021,2022-02-14,1602,2021-10-08,1920,14106,48,5,5,4,1602,0,0,0,,0,002,"N REDINGTON ST","7TH ST",0.00,,Y,A,-,N,,,,,,,,,,N,2,0,1,2,A,-,09,21801,,N,B,D,A,A,H,-,C,A,0,,,,,Y,,A,01,1,0,0,0,0,0,0,0,0,"- ","- ",36.326141357421875,-119.64888000488281,KINGS,HANFORD,-119.64888763427734,36.326133728027344
9355917,2021,2021-11-10,1602,2021-10-08,1042,1465,57,5,5,4,1602,0,0,0,,0,002,"RT 198 WB","9TH AV",700.00,W,N,B,-,Y,KIN,6,198,-,R,19.820,H,-,W,Y,2,0,2,1,A,-,03,22350,,N,E,I,A,B,H,-,A,D,0,,,Y,,Y,,C,02,1,1,0,0,0,0,0,0,2,"- ","- ",36.324470520019531,-119.6190185546875,KINGS,HANFORD,-119.62139129638672,36.324485778808594
9357045,2021,2021-11-23,1602,2021-10-05,0430,1482,50,2,5,4,1602,0,0,0,,0,002,"LACEY BL","10TH AV",210.00,N,N,A,-,N,,,,,,,,,,N,4,0,1,2,A,-,00,21954,,N,G,B,E,A,H,-,D,D,0,Y,,,,Y,Y,N,60,0,0,1,0,1,0,0,0,0,"- ","- ",36.327728271484375,-119.63642883300781,KINGS,HANFORD,-119.63613128662109,36.328029632568359
9412195,2021,2022-03-21,1601,2021-10-26,1240,7,14,2,5,3,1601,0,0,0,,0,00S,"DAIRY AV","DAIRY AV 1800",0.00,,-,A,-,N,,,,,,,,,,Y,3,0,1,2,A,-,03,22350,,N,C,C,A,A,H,-,A,D,0,,,,,Y,,A,07,0,1,0,0,0,0,0,0,0,"- ","- ",36.090171813964844,-119.57199096679688,KINGS,CORCORAN,-119.57211303710938,36.108089447021484
91578100,2021,2021-09-23,9440,2021-09-16,2008,017161,,4,2,9,1600,0,1,3,,1,430,"SR-43 N/B","NEVADA AVE",528.00,N,N,A,-,Y,,,43,,,,,,N,Y,3,0,1,2,A,-,03,22350,,N,C,C,A,A,H,-,D,D,0,,,,Y,Y,,A,07,0,1,0,0,0,0,0,0,0,"- ","- ",36.141391754150391,-119.58757781982422,KINGS,UNINCORPORATED,-119.58759307861328,36.141384124755859
91578273,2021,2021-09-23,9440,2021-09-12,1344,021114,,7,1,9,1600,0,1,3,,1,430,SR-43,"JACKSON AVE",70.00,S,N,A,-,Y,,,43,,,,,,,Y,4,0,1,2,A,-,03,22350,,N,C,C,A,A,H,-,A,D,0,,,,,Y,,A,01,0,0,1,0,0,0,0,0,0,"- ","- ",36.254829406738281,-119.60073089599609,KINGS,UNINCORPORATED,-119.60073852539062,36.254829406738281
9265592,2021,2021-05-24,1602,2021-04-22,1058,1465,42,4,5,4,1602,0,0,0,,0,002,"HARRIS ST","8TH ST",180.00,N,N,A,-,N,,,,,,,,,,Y,3,0,2,2,A,-,03,22350,,N,C,C,A,A,H,-,A,A,0,,,,,Y,,A,07,0,1,1,0,0,0,0,0,0,"- ","- ",36.326869964599609,-119.64408111572266,KINGS,HANFORD,-119.64434051513672,36.328453063964844
9279952,2021,2021-07-01,1603,2021-05-17,1443,1827,LO1,1,5,3,1603,0,0,0,,0,0L3,"CABRILLO ST","FLORES ST",260.00,W,N,A,-,N,,,,,,,,,,N,3,0,1,2,A,-,21,22106,,F,G,B,E,A,H,-,A,D,0,Y,,,,Y,,A,01,0,1,0,0,1,0,0,0,0,"- ","- ",,,KINGS,LEMOORE,-119.79131317138672,36.286048889160156
9378680,2021,2021-12-22,1600,2021-10-03,1629,149,AVL,7,5,3,1690,0,0,0,,0,0A2,"SKYLINE BL","S 7TH AV",275.00,E,N,A,-,Y,KIN,6,269,-,-,0.600,H,-,S,Y,3,0,1,3,A,-,08,22107,,N,C,E,A,A,H,-,A,D,0,,,,,Y,,A,07,0,1,0,0,0,0,0,0,0,"- ","- ",,,KINGS,AVENAL,-120.12796020507812,36.004856109619141
91563839,2021,2021-09-07,9440,2021-08-27,2130,020936,,5,2,9,1600,0,3,5,,2,010,"ORCHARD DRIVE","10TH AVENUE",0.00,,Y,A,-,N,,,,,,,,,,Y,4,0,2,2,A,-,01,23152,A,N,D,C,A,A,H,-,C,A,0,,,,,Y,Y,A,07,0,0,2,0,0,0,0,0,0,"- ","- ",36.306018829345703,-119.636962890625,KINGS,UNINCORPORATED,-119.63694000244141,36.306007385253906
91650789,2021,2021-12-13,9440,2021-11-13,0809,018639,,6,1,9,1600,0,2,4,,1,061,"6TH AVENUE","SALEM AVE",90.00,S,N,E,-,N,,,,,,,,,,Y,1,1,0,3,A,-,09,21804,A,N,D,C,A,B,H,-,A,D,0,,,,Y,Y,,M,46,0,0,0,0,0,0,0,0,0,"- ","- ",35.992298126220703,-119.57195281982422,KINGS,UNINCORPORATED,-119.57199096679688,35.992332458496094
9247688,2021,2021-04-17,1602,2021-02-19,1824,14107,35,5,5,4,1602,0,0,0,,0,002,"E CAMERON ST",141516E,21.00,W,N,A,-,N,,,,,,,,,,Y,3,0,2,2,A,-,09,21804,A,N,D,C,A,A,H,-,C,D,0,,,,,Y,,A,01,0,2,0,0,0,0,0,0,0,"- ","- ",36.337169647216797,-119.64112091064453,KINGS,HANFORD,,
9253344,2021,2021-04-20,1602,2021-03-27,2146,1498,36,6,5,4,1602,0,0,0,,0,002,"E GRANGEVILLE BL","N 10TH AV",0.00,,Y,A,-,N,,,,,,,,,,Y,3,0,7,2,A,-,08,22107,,N,D,C,A,A,H,-,C,A,0,,,,,Y,,A,01,0,5,2,0,0,0,0,0,0,"- ","- ",36.342681884765625,-119.63690185546875,KINGS,HANFORD,-119.63706207275391,36.342693328857422
9303648,2021,2021-09-10,1602,2021-07-23,1840,14110,25,5,5,4,1602,0,0,0,,0,001,"W GRANGEVILLE BL",REDINGTON,0.00,,Y,A,-,N,,,,,,,,,,Y,4,0,1,2,A,-,12,21453,,N,D,C,A,A,H,-,A,A,0,,,,,Y,,A,01,0,0,1,0,0,0,0,0,0,"- ","- ",36.34307861328125,-119.65017700195312,KINGS,HANFORD,-119.64931488037109,36.342685699462891
9378520,2021,2021-12-13,1602,2021-11-12,1558,14111,42,5,5,4,1602,0,0,0,,0,002,"E IVY ST","N WHITE ST",0.00,,Y,A,-,N,,,,,,,,,,Y,4,0,2,2,A,-,09,21804,A,N,B,C,A,A,H,-,A,A,0,,,,,Y,,A,01,0,0,2,0,0,0,0,0,0,"- ","- ",36.332141876220703,-119.63957214355469,KINGS,HANFORD,-119.63954162597656,36.332172393798828
91493787,2021,2021-06-10,9440,2021-06-01,1530,017630,,2,2,9,1600,0,1,3,,1,198,"SR-198 E/B TO AVENAL CUTOFF ROAD","AVENAL CUTOFF ROAD",0.00,,Y,A,-,Y,,,198,,,,R,,E,Y,4,0,3,2,A,-,09,21802,A,N,D,C,A,A,H,-,A,A,0,,,,,Y,,A,01,0,0,3,0,0,0,0,0,0,"- ","- ",36.254119873046875,-119.86959075927734,KINGS,UNINCORPORATED,-119.86959075927734,36.254119873046875
91561136,2021,2021-09-02,9440,2021-08-28,1120,016585,,6,1,9,1600,0,1,3,,1,198,"SR-198 W/B TO 12TH AVE","12TH AVE.",20.00,E,N,A,-,Y,,,,,,,,,,N,4,0,1,2,A,-,21,22106,,N,C,C,A,A,H,-,A,A,0,,,,,Y,,D,22,0,0,1,0,0,0,0,0,0,"- ","- ",36.319480895996094,-119.67283630371094,KINGS,UNINCORPORATED,-119.67301177978516,36.318660736083984
91570022,2021,2021-09-14,9440,2021-09-07,2045,017161,,2,2,9,1600,0,1,3,,1,198,SR-198,SR-41,38.00,E,N,A,-,Y,,,,,,,,,,Y,4,0,1,1,A,-,08,22107,,N,F,A,A,A,H,-,D,D,0,,,,,Y,,A,01,0,0,1,0,0,0,0,0,0,"- ","- ",36.285690307617188,-119.80771636962891,KINGS,UNINCORPORATED,-119.80760192871094,36.282520294189453
91605000,2021,2021-10-25,9440,2021-10-17,1635,020936,,7,2,9,1600,0,2,4,,1,048,"HOUSTON AVE","5TH AVE",1056.00,E,N,A,-,N,,,,,,,,,,Y,3,0,1,1,A,-,03,22350,,N,E,I,A,A,H,-,A,D,0,,,,,Y,,A,01,0,1,0,0,0,0,0,0,0,"- ","- ",36.298870086669922,-119.54322052001953,KINGS,UNINCORPORATED,,
9293369,2021,2021-08-04,1601,2021-02-14,1343,174,3,7,5,3,1601,0,0,0,,0,00N,"RT 43","ORANGE AV",0.00,,Y,A,-,N,,,43,,,,,,,Y,3,0,1,2,A,-,09,21802,A,N,D,C,A,A,H,-,A,D,0,,,,,Y,,A,01,0,1,0,0,0,0,0,0,0,"- ","- ",36.108688354492188,-119.55876159667969,KINGS,CORCORAN,-119.55876159667969,36.108676910400391
91392000,2021,2021-01-21,9440,2021-01-14,0235,020947,,4,3,9,1600,0,1,3,,1,198,"SR-198 W/B","14TH AVE",980.00,W,N,A,-,Y,,,198,,,,,,W,Y,4,0,1,1,A,-,01,23152,A,N,E,I,A,A,H,-,D,D,0,,,,,Y,Y,A,07,0,0,1,0,0,0,0,0,0,"- ","- ",36.307949066162109,-119.71293640136719,KINGS,UNINCORPORATED,-119.71295928955078,36.308017730712891
91410844,2021,2021-02-18,9495,2021-02-07,0335,021213,,7,3,9,1600,0,1,1,,2,004,"INTERSTATE 5 (SOUTHBOUND)","WATERLOO AVENUE",3168.00,S,N,A,-,Y,,,5,,,,,,,Y,2,0,1,1,A,-,01,23152,A,N,E,I,A,A,H,-,D,D,0,,,,,Y,Y,A,01,1,0,0,0,0,0,0,0,0,"- ","- ",35.868251800537109,-119.84575653076172,KINGS,UNINCORPORATED,-119.84564208984375,35.868362426757812
91513808,2021,2021-07-06,9495,2021-06-24,0635,019082,,4,1,9,1600,0,1,1,,2,004,"INTERSTATE 5 (NORTHBOUND)","MILHAM AVENUE",9504.00,N,N,A,-,Y,,,5,,,,,,,Y,2,0,1,1,A,-,08,22107,,N,F,A,A,A,H,-,A,D,0,,,,,Y,,A,07,1,0,0,0,0,0,0,0,0,"- ","- ",36.025600433349609,-120.01419830322266,KINGS,UNINCORPORATED,-120.01419830322266,36.025600433349609
91548193,2021,2021-08-18,9440,2021-08-14,0900,018639,,6,1,9,1600,0,3,5,,2,010,"SHAW PLACE","TEMPLE DR.",25.00,N,N,A,-,N,,,,,,,,,,N,4,0,2,1,A,-,03,22350,,N,E,I,A,A,H,-,A,D,0,,,,,Y,,A,07,0,0,2,0,0,0,0,0,0,"- ","- ",36.302021026611328,-119.63092803955078,KINGS,UNINCORPORATED,-119.63089752197266,36.301959991455078
91618494,2021,2021-11-08,9440,2021-09-18,2243,020947,,6,3,9,1600,0,2,4,,1,046,"LACEY BLVD",SR-41,2640.00,W,N,A,-,N,,,,,,,,,,Y,2,0,1,1,A,-,08,22107,,N,E,I,A,A,H,-,D,D,0,,,,,Y,,D,22,1,0,0,0,0,0,0,0,0,"- ","- ",36.327960968017578,-119.82122039794922,KINGS,UNINCORPORATED,-119.81584167480469,36.328029632568359
91539890,2021,2021-08-09,9440,2021-08-01,0119,018450,,7,3,9,1600,0,3,5,,2,010,"EDDY STREET","MARTIN ROAD",150.00,E,N,A,-,N,,,,,,,,,,Y,3,0,1,2,A,-,01,23152,F,N,C,E,A,A,H,-,C,D,0,,,,,Y,,A,01,0,1,0,0,0,0,0,0,0,"- ","- ",36.326988220214844,-119.61421966552734,KINGS,UNINCORPORATED,-119.61426544189453,36.326980590820312
91392140,2021,2021-01-21,9440,2021-01-19,1400,017161,,2,2,9,1600,0,2,4,,1,040,"AVENAL CUTOFF RD","25TH AVE",5280.00,S,N,A,-,N,,,,,,,,,,Y,3,0,3,1,A,-,08,22107,,N,F,A,A,A,H,-,A,D,0,,,,,Y,,A,01,0,3,0,0,0,0,0,0,0,"- ","- ",36.209911346435547,-119.91924285888672,KINGS,UNINCORPORATED,-119.91808319091797,36.210765838623047
9241186,2021,2021-04-05,1602,2021-02-23,1502,1421,26,2,5,4,1602,0,0,0,,0,002,"E GRANGEVILLE BL","BROWN ST",0.00,,Y,A,-,N,,,,,,,,,,Y,3,0,1,2,A,-,10,21950,A,N,G,B,B,A,H,-,A,A,0,Y,,,,Y,,A,01,0,1,0,0,1,0,0,0,0,"- ","- ",36.342700958251953,-119.64568328857422,KINGS,HANFORD,-119.64270782470703,36.342685699462891
9288136,2021,2021-07-07,1603,2021-04-13,2053,1842,LN3,2,5,3,1603,0,0,0,,0,0L3,"VINE ST","CEDAR LN",0.00,,Y,A,-,N,,,,,,,,,,N,3,0,1,2,D,-,00,,,M,B,C,A,A,H,-,C,A,0,,,,,Y,,-,"- ",0,1,0,0,0,0,0,0,0,"- ","- ",,,KINGS,LEMOORE,-119.78982543945312,36.293247222900391
91485553,2021,2021-05-31,9440,2021-05-18,0435,021086,,2,3,9,1600,0,2,S,,2,123,"6TH AVENUE","BARSTOW AVENUE",561.00,N,N,A,-,N,,,,,,,,,,Y,3,0,2,2,A,-,03,22350,,N,C,C,A,A,H,-,D,D,0,,,,,Y,Y,A,01,0,1,1,0,0,0,0,0,0,"- ","- ",36.476490020751953,-119.56423187255859,KINGS,UNINCORPORATED,-119.56418609619141,36.475639343261719
91520227,2021,2021-07-14,9440,2021-04-21,1010,018639,,3,1,9,1600,0,1,3,,1,430,"SR-43 N/B","KENT AVENUE",41.00,S,N,A,-,Y,,,43,,,,,,N,Y,1,1,0,2,A,-,01,23152,F,N,C,C,A,A,H,-,A,D,0,,,,Y,Y,,A,01,0,0,0,0,0,0,0,0,0,"- ","- ",36.225860595703125,-119.60077667236328,KINGS,UNINCORPORATED,-119.60079956054688,36.225860595703125
91545689,2021,2021-08-16,9440,2021-08-07,1805,021086,,6,2,9,1600,0,2,4,,1,050,"KANSAS AVENUE","10 1/2 AVENUE",0.00,,Y,A,-,N,,,,,,,,,,Y,4,0,4,2,A,-,09,21802,A,N,D,C,A,A,H,-,A,A,0,,,,,Y,,A,07,0,0,4,0,0,0,0,0,0,"- ","- ",36.211250305175781,-119.64592742919922,KINGS,UNINCORPORATED,-119.64591217041016,36.211265563964844
91574450,2021,2021-09-20,9440,2021-09-08,1330,021114,,3,1,9,1600,0,2,4,,1,043,"FLINT AVE","7TH AVE",400.00,W,N,A,-,N,,,,,,,,,,N,4,0,1,1,A,-,08,22107,,N,F,A,A,A,H,-,A,D,0,,,,Y,Y,,F,27,0,0,1,0,0,0,0,0,0,"- ","- ",36.371818542480469,-119.58450317382812,KINGS,UNINCORPORATED,-119.58435821533203,36.371799468994141
9269520,2021,2021-06-01,1600,2021-03-07,0911,A48,AVL,7,5,3,1690,0,0,0,,0,001,"N A AV","W SANTA CLARA ST",96.00,S,N,A,-,N,,,,,,,,,,Y,4,0,1,3,A,-,08,22107,,N,B,C,A,A,H,-,A,-,0,,,,,Y,,A,01,0,0,1,0,0,0,0,0,0,"- ","- ",36.010261535644531,-120.13973236083984,KINGS,AVENAL,-120.13995361328125,36.010894775390625
91633534,2021,2021-11-23,9440,2021-11-10,1729,020250,,3,2,9,1600,0,3,5,,2,020,"FRONT STREET","CEDAR ST.",200.00,E,N,A,-,N,,,,,,,,,,Y,4,0,2,2,A,-,01,23152,G,N,C,C,A,A,H,-,D,D,0,,,,,Y,Y,A,01,0,0,2,0,0,0,0,0,0,"- ","- ",36.314800262451172,-119.71298980712891,KINGS,UNINCORPORATED,-119.71343231201172,36.314792633056641
9324942,2021,2021-09-30,1602,2021-08-16,1442,1429,15,1,5,4,1602,0,0,0,,0,001,"N GLACIER WY","MUIR WY",0.00,,Y,A,-,N,,,,,,,,,,Y,3,0,1,2,A,-,09,21802,,N,A,C,A,A,H,-,A,D,0,,,,,Y,,A,01,0,1,0,0,0,0,0,0,0,"- ","- ",36.353889465332031,-119.662353515625,KINGS,HANFORD,-119.66236114501953,36.353916168212891
9425843,2021,2022-03-25,1601,2021-10-15,1729,174,12,5,5,3,1601,0,0,0,,0,00S,"JOSEPHINE AV","STANLEY AV",0.00,,Y,A,-,N,,,,,,,,,,Y,3,0,3,2,A,-,09,21800,A,N,D,C,A,A,H,-,A,D,0,,,,,Y,,A,01,0,1,2,0,0,0,0,0,0,"- ","- ",36.092411041259766,-119.56947326660156,KINGS,CORCORAN,-119.56980133056641,36.092601776123047
91570074,2021,2021-11-02,9440,2021-09-10,0635,016774,,5,1,9,1600,0,3,5,,2,020,"15TH AVE","FLINT AVE",10.00,N,N,A,-,N,,,,,,,,,,Y,1,1,0,2,A,-,12,22450,A,N,D,C,A,A,H,-,B,A,0,,,,,Y,,-,"- ",0,0,0,0,0,0,0,0,0,"- ","- ",36.717720031738281,-119.72688293457031,KINGS,UNINCORPORATED,-119.72688293457031,36.371795654296875
91598000,2021,2021-10-15,9440,2021-10-11,1635,020936,,1,2,9,1600,0,2,4,,1,065,"12TH AVE","KENT AVE",2112.00,N,N,F,G,N,,,,,,,,,,Y,4,0,1,2,A,-,03,22350,,N,C,C,A,A,H,-,A,D,0,,,,,Y,,A,01,0,0,1,0,0,0,0,0,0,"- ","- ",36.2335205078125,-119.67278289794922,KINGS,UNINCORPORATED,-119.67275238037109,36.231597900390625
9262488,2021,2021-05-12,1602,2021-04-10,0205,1497,62,6,5,4,1602,0,0,0,,0,002,"THOMPSON DR","11TH AV",0.00,,Y,A,-,N,,,,,,,,,,Y,3,0,1,1,A,-,08,22107,,M,E,I,A,A,H,-,C,D,0,,,,,Y,,D,22,0,1,0,0,0,0,0,0,0,"- ","- ",36.308338165283203,-119.64945220947266,KINGS,HANFORD,-119.65495300292969,36.309185028076172
9413767,2021,2022-03-07,1601,2021-09-25,2211,167,3,6,5,3,1601,0,0,0,,0,00N,"RT 43","5 1/2 AV",0.00,,Y,A,-,Y,KIN,6,43,-,-,2.820,I,5,N,N,4,0,2,2,A,-,09,21804,A,N,D,C,A,A,H,-,D,D,0,,,,,Y,,A,01,0,0,2,0,0,0,0,0,0,"- ","- ",36.110488891601562,-119.56318664550781,KINGS,CORCORAN,-119.56288146972656,36.110363006591797
91573298,2021,2021-09-17,9440,2021-09-08,1550,021114,,3,2,9,1600,0,1,3,,1,430,SR-43,"KANSAS AVE",0.00,,Y,A,-,Y,,,43,,,,,,,Y,4,0,1,2,A,-,01,23152,G,N,D,C,A,A,H,-,A,A,0,,,,,Y,Y,D,22,0,0,1,0,0,0,0,0,0,"- ","- ",36.210838317871094,-119.60064697265625,KINGS,UNINCORPORATED,-119.60057830810547,36.210842132568359
9272542,2021,2021-06-15,1602,2021-05-27,1857,14102,48,4,5,4,1602,0,0,0,,0,002,"N 11TH AV","LACEY BL",96.00,S,N,A,-,N,,,,,,,,,,N,3,0,1,2,A,-,03,22350,,N,C,C,A,A,H,-,A,A,0,,,,,Y,Y,A,01,0,1,0,0,0,0,0,0,0,"- ","- ",36.327739715576172,-119.65471649169922,KINGS,HANFORD,-119.65518188476562,36.327785491943359
91391282,2021,2021-01-20,9440,2021-01-15,1450,017630,,5,2,9,1600,0,2,4,,1,048,"HOUSTON AVENUE","14TH AVENUE",3168.00,E,N,A,-,N,,,,,,,,,,Y,4,0,2,3,A,-,08,22107,,N,B,C,A,A,H,-,A,D,0,,,,,Y,,D,22,0,0,2,0,0,0,0,0,0,"- ","- ",36.298419952392578,-119.69631195068359,KINGS,UNINCORPORATED,-119.69854736328125,36.298408508300781
91523462,2021,2021-07-19,9495,2021-03-19,2500,020246,,5,4,9,1600,0,1,1,,2,004,"INTERSTATE 5 SOUTHBOUND","UTICA AVENUE",13200.00,S,N,B,-,Y,,,5,,,,,,S,Y,1,2,0,1,A,-,01,23152,A,N,F,A,A,B,H,-,D,D,0,,,,,Y,Y,A,01,0,0,0,0,0,0,0,0,0,"- ","- ",35.906520843505859,-119.88346862792969,KINGS,UNINCORPORATED,-119.88353729248047,35.906455993652344
91644345,2021,2021-12-06,9495,2021-11-28,1920,020716,,7,2,9,1600,0,1,3,,1,010,"STATE ROUTE 41","UTICA AVENUE",3168.00,N,N,A,-,Y,,,41,,,,,,,Y,4,0,1,2,A,-,17,21711,,N,B,C,A,A,H,-,D,D,0,,,,,Y,,B,07,0,0,1,0,0,0,0,0,0,"- ","- ",35.943328857421875,-120.00937652587891,KINGS,UNINCORPORATED,-120.00941467285156,35.943370819091797
91449659,2021,2021-04-13,9440,2021-04-01,1546,016961,,4,2,9,1600,0,2,4,,1,062,"10TH AVE","NEVADA AVE",6.00,S,N,A,-,N,,,,,,,,,,Y,4,0,1,2,A,-,01,23152,A,N,C,C,A,A,H,-,A,D,0,,,,,Y,Y,A,01,0,0,1,0,0,0,0,0,0,"- ","- ",36.137851715087891,-119.64459991455078,KINGS,UNINCORPORATED,-119.64467620849609,36.137935638427734
91600113,2021,2021-10-19,9440,2021-10-14,1412,019755,,4,2,9,1600,0,1,3,,1,430,"SR-43 N/B","EXCELSIOR AVE",40.00,S,N,A,-,Y,,,43,,,,,,N,Y,4,0,2,3,A,-,03,22350,,N,C,C,A,A,D,-,A,A,0,,,,Y,Y,,G,25,0,0,2,0,0,0,0,0,0,"- ","- ",36.401069641113281,-119.63690948486328,KINGS,UNINCORPORATED,-119.636962890625,36.401069641113281
9336155,2021,2021-09-21,1602,2021-08-23,1947,1494,48,1,5,4,1602,0,0,0,,0,002,"W 7TH ST","REDINGTON ST",0.00,,Y,A,-,N,,,,,,,,,,Y,3,0,1,2,A,-,12,21453,A,M,D,C,A,A,H,-,B,A,0,,,,,Y,,A,01,0,1,0,0,0,0,0,0,0,"- ","- ",36.326141357421875,-119.64888000488281,KINGS,HANFORD,-119.64888763427734,36.326133728027344
9192739,2021,2021-06-08,1603,2021-04-05,1505,1162,LO6,1,5,3,1603,0,0,0,,0,0L3,"NEWBRIDGE DR","PARK LN",0.00,,Y,A,-,N,,,,,,,,,,N,3,0,2,2,A,-,09,21800,A,F,D,C,A,A,H,-,A,D,0,,,,,Y,,A,01,0,2,0,0,0,0,0,0,0,"- ","- ",,,KINGS,LEMOORE,-119.81065368652344,36.287208557128906
91399060,2021,2021-01-29,9440,2021-01-22,1920,019755,,5,2,9,1600,0,3,5,,2,020,"JERSEY AVENUE","17TH AVENUE",1056.00,W,N,C,-,N,,,,,,,,,,Y,3,0,2,2,A,-,01,23152,A,N,D,C,A,B,H,-,D,A,0,,,,,Y,Y,A,01,0,1,1,0,0,0,0,0,0,"- ","- ",36.240028381347656,-119.76712799072266,KINGS,UNINCORPORATED,-119.766357421875,36.240039825439453
91561616,2021,2021-09-02,9440,2021-08-27,1550,021086,,5,2,9,1600,0,2,4,,1,047,"HANFORD ARMONA ROAD","MAHONGANY STREET",100.00,E,N,A,-,N,,,,,,,,,,Y,4,0,1,2,A,-,08,22107,,N,C,E,A,A,H,-,A,D,0,,,,Y,Y,,D,22,0,0,1,0,0,0,0,0,0,"- ","- ",36.313491821289062,-119.70400238037109,KINGS,UNINCORPORATED,-119.7039794921875,36.313541412353516
91670152,2021,2022-01-04,9495,2021-12-23,1700,020716,,4,2,9,1600,0,1,1,,2,004,"INTERSTATE 5 NORTHBOUND (WEST SIDE FWY)","WATERLOO AVENUE",3960.00,S,N,B,C,Y,,,5,,,,,,N,Y,4,0,3,2,A,-,07,21658,A,N,B,2,A,A,H,-,D,D,0,,,,,Y,,A,01,0,0,3,0,0,0,0,0,0,"- ","- ",35.866489410400391,-119.84400939941406,KINGS,UNINCORPORATED,-119.84393310546875,35.866561889648438