CASE_ID,ACCIDENT_YEAR,PROC_DATE,JURIS,COLLISION_DATE,COLLISION_TIME,OFFICER_ID,REPORTING_DISTRICT,DAY_OF_WEEK,CHP_SHIFT,POPULATION,CNTY_CITY_LOC,SPECIAL_COND,BEAT_TYPE,CHP_BEAT_TYPE,CITY_DIVISION_LAPD,CHP_BEAT_CLASS,BEAT_NUMBER,PRIMARY_RD,SECONDARY_RD,DISTANCE,DIRECTION,INTERSECTION,WEATHER_1,WEATHER_2,STATE_HWY_IND,CALTRANS_COUNTY,CALTRANS_DISTRICT,STATE_ROUTE,ROUTE_SUFFIX,POSTMILE_PREFIX,POSTMILE,LOCATION_TYPE,RAMP_INTERSECTION,SIDE_OF_HWY,TOW_AWAY,COLLISION_SEVERITY,NUMBER_KILLED,NUMBER_INJURED,PARTY_COUNT,PRIMARY_COLL_FACTOR,PCF_CODE_OF_VIOL,PCF_VIOL_CATEGORY,PCF_VIOLATION,PCF_VIOL_SUBSECTION,HIT_AND_RUN,TYPE_OF_COLLISION,MVIW,PED_ACTION,ROAD_SURFACE,ROAD_COND_1,ROAD_COND_2,LIGHTING,CONTROL_DEVICE,CHP_ROAD_TYPE,PEDESTRIAN_ACCIDENT,BICYCLE_ACCIDENT,MOTORCYCLE_ACCIDENT,TRUCK_ACCIDENT,NOT_PRIVATE_PROPERTY,ALCOHOL_INVOLVED,STWD_VEHTYPE_AT_FAULT,CHP_VEHTYPE_AT_FAULT,COUNT_SEVERE_INJ,COUNT_VISIBLE_INJ,COUNT_COMPLAINT_PAIN,COUNT_PED_KILLED,COUNT_PED_INJURED,COUNT_BICYCLIST_KILLED,COUNT_BICYCLIST_INJURED,COUNT_MC_KILLED,COUNT_MC_INJURED,PRIMARY_RAMP,SECONDARY_RAMP,LATITUDE,LONGITUDE,COUNTY,CITY,POINT_X,POINT_Y
91390803,2021,2021-01-19,9440,2021-01-14,1645,017161,,4,2,9,1600,0,2,4,,1,040,"AVENAL CUTOFF RD.","LINCOLN AVE.",528.00,S,N,A,-,N,,,,,,,,,,Y,4,0,2,2,A,-,03,22350,,N,C,C,A,A,H,-,B,D,0,,,,,Y,,A,01,0,0,2,0,0,0,0,0,0,"- ","- ",36.179019927978516,-119.95881652832031,KINGS,UNINCORPORATED,-119.95685577392578,36.180442810058594
91392580,2021,2021-01-22,9440,2021-01-17,0340,020936,,7,3,9,1600,0,2,4,,1,041,"EXCELSIOR AVENUE","13TH AVENUE",280.00,W,N,A,-,N,,,,,,,,,,Y,2,0,1,1,A,-,01,23152,A,N,E,I,A,A,H,-,D,D,0,,,,,Y,Y,A,01,1,0,0,0,0,0,0,0,0,"- ","- ",36.401229858398438,-119.69196319580078,KINGS,UNINCORPORATED,-119.69191741943359,36.401168823242188
91536100,2021,2021-08-03,9440,2021-07-27,1720,017161,,2,2,9,1600,0,1,3,,1,410,"SR-41 S/B","GRANGEVILLE BLVD",117.00,N,N,A,-,Y,,,41,,,,,,S,Y,4,0,1,2,A,-,03,22350,,N,C,C,A,A,H,-,A,D,0,,,,,Y,,A,01,0,0,1,0,0,0,0,0,0,"- ","- ",36.342880249023438,-119.8082275390625,KINGS,UNINCORPORATED,-119.80821990966797,36.342880249023438
9265694,2021,2021-06-01,1603,2021-04-28,1451,1800,LA2,3,5,3,1603,0,0,0,,0,0L3,"B ST","HILL ST",0.00,,Y,A,-,N,,,,,,,,,,N,3,0,1,2,A,-,09,21804,A,N,D,C,A,A,H,-,A,D,0,,,,Y,Y,,A,01,0,1,0,0,0,0,0,0,0,"- ","- ",,,KINGS,LEMOORE,-119.78759002685547,36.29913330078125
9363490,2021,2021-11-30,1602,2021-10-17,2024,14106,53,7,5,4,1602,0,0,0,,0,001,"W HANFORD ARMONA RD","12TH AV",0.00,,Y,A,-,N,,,,,,,,,,Y,3,0,1,2,A,-,12,21453,A,N,D,C,A,A,H,-,C,A,0,,,,,Y,,A,01,0,1,0,0,0,0,0,0,0,"- ","- ",36.313491821289062,-119.6729736328125,KINGS,HANFORD,-119.67298889160156,36.313495635986328
91452346,2021,2021-04-16,9440,2021-04-06,0245,021114,,2,3,9,1600,0,1,3,,1,198,"SR-198 E/B","7TH AVE",1090.00,E,N,A,-,Y,,,198,,,,,,E,Y,3,0,1,2,A,-,01,23152,A,N,C,E,A,A,H,-,D,D,0,,,,,Y,Y,A,01,0,1,0,0,0,0,0,0,0,"- ","- ",36.3277587890625,-119.58155822753906,KINGS,UNINCORPORATED,-119.58156585693359,36.328109741210938
9356954,2021,2021-11-09,1602,2021-09-29,1826,14110,53,3,5,4,1602,0,0,0,,0,001,"W HANFORD ARMONA RD","WREN DR",0.00,,Y,A,-,N,,,,,,,,,,N,3,0,1,2,A,-,08,22107,,M,C,G,A,A,H,-,A,D,0,,Y,,,Y,,A,07,0,1,0,0,0,0,1,0,0,"- ","- ",36.313480377197266,-119.6729736328125,KINGS,HANFORD,-119.66854095458984,36.313480377197266
9364098,2021,2021-12-13,1602,2021-10-07,1956,14102,10,4,5,4,1602,0,0,0,,0,002,"E FARGO AV",FAIRMONT,0.00,,Y,A,-,N,,,,,,,,,,N,4,0,1,2,A,-,12,22450,,M,A,G,A,A,H,-,C,D,0,,Y,,,Y,,L,04,0,0,1,0,0,0,1,0,0,"- ","- ",36.357341766357422,-119.63694763183594,KINGS,HANFORD,-119.63970184326172,36.357318878173828
9369248,2021,2021-12-10,1602,2021-09-26,0353,14103,55,7,5,4,1602,0,0,0,,0,002,"S 11TH AV","3RD ST",0.00,,Y,A,-,N,,,,,,,,,,Y,4,0,1,2,A,-,12,21453,,M,B,C,A,A,H,-,C,A,0,,,,,Y,Y,A,01,0,0,1,0,0,0,0,0,0,"- ","- ",36.320930480957031,-119.65499877929688,KINGS,HANFORD,-119.65500640869141,36.320938110351562
91392820,2021,2021-01-22,9495,2021-01-20,1616,021186,,3,2,9,1600,0,1,1,,2,004,"INTERSTATE 5 NORTHBOUND","AVENAL CUTOFF ROAD",2112.00,S,N,A,-,Y,,,,,,,,,,Y,4,0,4,1,A,-,08,22107,,N,F,A,A,A,H,-,A,D,0,,,,,Y,,A,07,0,0,4,0,0,0,0,0,0,"- ","- ",36.069721221923828,-120.08991241455078,KINGS,UNINCORPORATED,-120.09242248535156,36.071182250976562
91486561,2021,2021-06-01,9440,2021-05-23,0554,018639,,7,3,9,1600,0,2,4,,1,060,"2ND AVENUE","IONA AVENUE",1212.00,N,N,A,-,N,,,,,,,,,,Y,3,0,1,1,A,-,01,23152,A,N,F,A,A,A,H,-,A,D,0,,,,,Y,Y,A,01,0,1,0,0,0,0,0,0,0,"- ","- ",36.287418365478516,-119.49227905273438,KINGS,UNINCORPORATED,-119.49216461181641,36.286647796630859
9295320,2021,2021-10-07,1601,2021-01-05,1239,174,7A,2,5,3,1601,0,0,0,,0,00N,"DAIRY AV","WHITLEY AV",0.00,,Y,A,-,N,,,,,,,,,,Y,4,0,1,2,A,-,12,21453,A,N,D,C,A,A,H,-,A,A,0,,,,,Y,,A,01,0,0,1,0,0,0,0,0,0,"- ","- ",36.098079681396484,-119.57200622558594,KINGS,CORCORAN,-119.57205200195312,36.098072052001953
91454544,2021,2021-04-20,9440,2021-04-14,0200,021086,,3,3,9,1600,0,2,4,,1,068,"17TH AVENUE","HOUSTON AVENUE",1904.00,N,N,A,-,N,,,,,,,,,,Y,3,0,1,1,A,-,01,23152,A,N,E,I,A,A,H,-,D,D,0,,,,,Y,Y,A,08,0,1,0,0,0,0,0,0,0,"- ","- ",36.303550720214844,-119.76277160644531,KINGS,UNINCORPORATED,-119.7628173828125,36.303504943847656
91520471,2021,2021-07-14,9440,2021-07-01,1412,016961,,4,2,9,1600,0,1,3,,1,198,"SR-198 E/B","14TH AVE",2640.00,W,N,A,-,Y,,,198,,,,,,E,Y,3,0,1,2,A,-,07,21658,A,N,B,C,A,A,H,-,A,D,0,,,,Y,Y,,D,22,0,1,0,0,0,0,0,0,0,"- ","- ",36.307548522949219,-119.71421051025391,KINGS,UNINCORPORATED,-119.71421813964844,36.307582855224609
9248212,2021,2021-04-15,1602,2021-02-28,1612,14100,55,7,5,4,1602,0,0,0,,0,002,"S 11TH AV","POWER POLE 0165",60.00,N,N,A,-,N,,,,,,,,,,Y,3,0,1,2,A,-,04,21703,,N,C,C,A,-,H,-,A,D,0,,,,,Y,,A,01,0,1,0,0,0,0,0,0,0,"- ","- ",36.316001892089844,-119.65493011474609,KINGS,HANFORD,,
9412193,2021,2022-03-15,1601,2021-09-10,1321,174,3,5,5,3,1601,0,0,0,,0,00N,"CHITTENDEN AV","BROKAW AV",0.00,,Y,A,-,N,,,,,,,,,,N,4,0,1,2,A,-,21,22106,,N,-,C,A,A,H,-,A,D,0,,,,,Y,,A,01,0,0,1,0,0,0,0,0,0,"- ","- ",36.100868225097656,-119.55935668945312,KINGS,CORCORAN,-119.55970001220703,36.100906372070312
91435135,2021,2021-03-25,9440,2021-03-18,1516,017630,,4,2,9,1600,0,2,4,,1,040,"AVENAL CUTOFF ROAD","30TH AVENUE",3168.00,N,N,A,-,N,,,,,,,,,,Y,3,0,1,2,A,-,08,22107,,N,A,C,A,A,H,-,A,D,0,,,,,Y,,A,07,0,1,0,0,0,0,0,0,0,"- ","- ",36.160430908203125,-119.98233795166016,KINGS,UNINCORPORATED,-119.99629211425781,36.149585723876953
91653868,2021,2021-12-16,9440,2021-12-05,0001,019226,,7,3,9,1600,0,1,3,,1,410,"STATE ROUTE 41 S/B","JERSEY AVENUE",2112.00,N,N,B,-,Y,,,41,,,,,,S,Y,2,0,1,1,A,-,01,23152,A,N,E,I,A,A,H,-,D,D,0,,,,,Y,Y,D,22,1,0,0,0,0,0,0,0,0,"- ","- ",36.243511199951172,-119.81604766845703,KINGS,UNINCORPORATED,-119.81616973876953,36.243537902832031
9413051,2021,2022-03-07,1601,2021-11-23,1417,188,11,2,5,3,1601,0,0,0,,0,00S,"WHITLEY AV","CHASE AV",0.00,,Y,A,-,N,,,,,,,,,,N,3,0,1,2,A,-,09,21802,A,N,D,C,A,A,H,-,A,A,0,,,,,Y,,A,01,0,1,0,0,0,0,0,0,0,"- ","- ",36.097801208496094,-119.56078338623047,KINGS,CORCORAN,-119.56098937988281,36.098064422607422
91530108,2021,2021-07-27,9440,2021-07-17,2005,019220,,6,2,9,1600,0,2,4,,1,048,"HOUSTON AVENUE","STATE ROUTE 198",140.00,N,N,A,-,N,,,,,,,,,,N,2,0,1,1,A,-,01,23152,A,N,F,A,A,A,H,-,B,D,0,,,,,Y,Y,D,22,1,0,0,0,0,0,0,0,0,"- ","- ",36.29766845703125,-119.75623321533203,KINGS,UNINCORPORATED,-119.75499725341797,36.297592163085938
91535582,2021,2021-08-03,9440,2021-07-27,1522,019220,,2,2,9,1600,0,1,3,,1,198,"STATE ROUTE 198 (WESTBOUND)","6TH AVE",0.00,,Y,A,-,Y,,,198,,,,,,,N,3,0,2,2,A,-,08,22107,,N,D,C,A,A,H,-,A,A,0,,,,,Y,,A,01,0,1,1,0,0,0,0,0,0,"- ","- ",36.328659057617188,-119.56501007080078,KINGS,UNINCORPORATED,-119.56501007080078,36.328227996826172
91441341,2021,2021-04-01,9440,2021-03-24,1545,018450,,3,2,9,1600,0,2,4,,1,050,"KANSAS AVENUE","18TH AVENUE",0.00,,Y,A,-,N,,,,,,,,,,Y,2,0,1,2,A,-,09,21802,A,N,D,C,A,A,H,-,A,A,0,,,,Y,Y,,A,01,1,0,0,0,0,0,0,0,0,"- ","- ",36.211330413818359,-119.78019714355469,KINGS,UNINCORPORATED,-119.78022766113281,36.211318969726562
91559298,2021,2021-08-31,9440,2021-08-21,1500,021086,,6,2,9,1600,0,2,4,,1,040,"19TH AVENUE","JACKSON AVENUE",0.00,,Y,A,-,N,,,,,,,,,,Y,4,0,1,2,A,-,09,21802,A,N,D,C,A,A,H,-,A,A,0,,,,Y,Y,,A,01,0,0,1,0,0,0,0,0,0,"- ","- ",36.254661560058594,-119.79888916015625,KINGS,UNINCORPORATED,-119.79880523681641,36.254680633544922
91607768,2021,2021-10-27,9440,2021-10-22,0740,016774,,5,1,9,1600,0,2,4,,1,067,"JACKSON AVE","14TH AVE",0.00,,Y,A,-,N,,,,,,,,,,Y,2,0,1,2,A,-,12,22450,A,N,D,C,A,A,H,-,A,A,0,,,,Y,Y,,A,07,1,0,0,0,0,0,0,0,0,"- ","- ",36.254791259765625,-119.70899963378906,KINGS,UNINCORPORATED,-119.70900726318359,36.254772186279297
91653864,2021,2021-12-16,9440,2021-12-03,2010,018137,,5,2,9,1600,0,2,4,,1,040,"AVENAL CUTOFF RD","MADISON AVE",2112.00,N,N,A,-,N,,,,,,,,,,Y,3,0,1,1,A,-,01,23152,A,N,E,I,A,A,H,-,D,D,0,,,,,Y,Y,A,01,0,1,0,0,0,0,0,0,0,"- ","- ",36.166080474853516,-119.97572326660156,KINGS,UNINCORPORATED,-119.96888732910156,36.171035766601562
9386747,2021,2022-01-10,1602,2021-11-29,1944,14101,23,1,5,4,1602,0,0,0,,0,001,"W GRANGEVILLE BL","MILDRED ST",0.00,,Y,A,-,N,,,,,,,,,,Y,3,0,1,2,A,-,01,23152,A,N,D,C,A,A,H,-,C,D,0,,,,,Y,Y,A,01,0,1,0,0,0,0,0,0,0,"- ","- ",36.3426513671875,-119.66609191894531,KINGS,HANFORD,-119.66341400146484,36.342647552490234
9388800,2021,2022-01-18,1602,2021-12-15,1602,14112,42,3,5,4,1602,0,0,0,,0,002,"E IVY ST","N 10TH AV",12.00,S,N,A,-,N,,,,,,,,,,Y,3,0,2,2,A,-,09,21802,,N,D,C,A,A,H,-,C,D,0,,,,,Y,,A,01,0,2,0,0,0,0,0,0,0,"- ","- ",36.332168579101562,-119.63710021972656,KINGS,HANFORD,-119.63712310791016,36.332180023193359
9425846,2021,2022-03-25,1601,2021-10-30,0557,171,14,6,5,3,1601,0,0,0,,0,00S,"DAIRY AV","PEUBLO AV",0.00,,Y,E,-,N,,,,,,,,,,N,2,0,1,2,D,-,00,,,N,A,C,A,B,H,-,D,D,0,,,,,Y,,-,"- ",1,0,0,0,0,0,0,0,0,"- ","- ",36.079879760742188,-119.57193756103516,KINGS,CORCORAN,-119.57197570800781,36.079837799072266
91501896,2021,2021-06-21,9440,2021-06-20,0430,019226,,7,3,9,1600,0,2,4,,1,041,"EXCELSIOR AVE","6TH AVENUE",1584.00,W,N,A,-,N,,,,,,,,,,Y,3,0,1,1,A,-,08,22107,,N,F,A,A,A,H,-,D,D,0,,,,,Y,,A,07,0,1,0,0,0,0,0,0,0,"- ","- ",36.401340484619141,-119.56970977783203,KINGS,UNINCORPORATED,-119.57029724121094,36.401363372802734
91582568,2021,2021-09-29,9440,2021-09-28,1418,017630,,2,2,9,1600,0,2,4,,1,046,"LACEY BLVD","CAROLYN AVE",60.00,W,N,A,-,N,,,,,,,,,,Y,4,0,1,2,A,-,09,21804,A,N,D,C,A,A,H,-,A,D,0,,,,,Y,,D,22,0,0,1,0,0,0,0,0,0,"- ","- ",36.32794189453125,-119.61286926269531,KINGS,UNINCORPORATED,-119.61287689208984,36.327999114990234
91604898,2021,2021-10-25,9440,2021-10-17,1803,019755,,7,2,9,1600,0,3,5,,2,020,"16TH AVE","LACEY BLVD",300.00,S,N,A,-,N,,,,,,,,,,Y,2,0,1,1,A,-,01,23152,A,N,E,I,A,A,H,-,A,D,0,,,,,Y,Y,D,22,1,0,0,0,0,0,0,0,0,"- ","- ",36.326488494873047,-119.7447509765625,KINGS,UNINCORPORATED,-119.7447509765625,36.327236175537109
9416874,2021,2022-03-15,1601,2021-12-17,1718,187,7A,5,5,3,1601,0,0,0,,0,00N,"WHITLEY AV","DAIRY AV",15.00,W,N,A,-,N,,,,,,,,,,N,3,0,1,2,A,-,10,21950,A,N,A,B,B,A,H,-,C,A,0,Y,,,,Y,,A,01,0,1,0,0,1,0,0,0,0,"- ","- ",36.098079681396484,-119.57200622558594,KINGS,CORCORAN,-119.57209777832031,36.098068237304688
91539875,2021,2021-08-09,9440,2021-07-29,0816,018639,,4,1,9,1600,0,2,4,,1,067,"14TH AVENUE","IDAHO AVENUE",739.00,N,N,A,-,N,,,,,,,,,,Y,4,0,1,1,A,-,03,22350,,M,E,I,A,A,H,-,A,D,0,,,,,Y,,A,01,0,0,1,0,0,0,0,0,0,"- ","- ",36.271339416503906,-119.70893859863281,KINGS,UNINCORPORATED,-119.70903015136719,36.271358489990234
91528655,2021,2021-07-26,9440,2021-07-18,0240,020998,,7,3,9,1600,0,1,3,,1,430,SR-43,"NEVADA AVENUE",4752.00,N,N,A,-,Y,,,43,,,,,,,Y,2,0,1,2,A,-,05,21650,,N,A,C,A,A,H,-,D,D,0,,,,,Y,,A,01,1,0,0,0,0,0,0,0,0,"- ","- ",36.149848937988281,-119.59375762939453,KINGS,UNINCORPORATED,-119.59391021728516,36.149742126464844
9227706,2021,2021-03-22,1602,2021-01-16,2214,1486,45,6,5,4,1602,0,0,0,,0,001,"N 12TH AV","CENTENNIAL DR",0.00,,Y,A,-,N,,,,,,,,,,Y,2,0,1,1,A,-,01,23152,A,N,H,I,A,A,H,-,C,D,0,,,,,Y,Y,A,01,1,0,0,0,0,0,0,0,0,"- ","- ",36.322971343994141,-119.67302703857422,KINGS,HANFORD,-119.67303466796875,36.322921752929688
9339695,2021,2021-10-25,1600,2021-06-26,0424,A49,AVL,6,5,3,1690,0,0,0,,0,A-1,"RT 269","CENTRAL AV",0.00,,Y,A,-,Y,KIN,6,269,-,-,0.686,I,5,S,N,2,0,1,2,A,-,09,21802,A,F,B,C,A,A,H,-,C,D,0,,,,,Y,,-,99,1,0,0,0,0,0,0,0,0,"- ","- ",36.005439758300781,-120.12664031982422,KINGS,AVENAL,-120.12667083740234,36.005496978759766
91391995,2021,2021-01-21,9440,2021-01-14,2053,020947,,4,2,9,1600,0,2,4,,1,065,"12TH AVE","KANSAS AVE",480.00,N,N,A,-,N,,,,,,,,,,Y,2,0,1,1,A,-,08,22107,,N,E,J,A,A,H,-,D,D,0,,,,,Y,,D,22,1,0,0,0,0,0,0,0,0,"- ","- ",36.212501525878906,-119.67269897460938,KINGS,UNINCORPORATED,-119.67267608642578,36.212448120117188
91412405,2021,2021-02-22,9440,2021-02-16,0520,019226,,2,3,9,1600,0,2,4,,1,045,"GRANGEVILLE BLVD","14TH AVENUE",1320.00,W,N,A,-,N,,,,,,,,,,N,3,0,1,1,A,-,08,22107,,N,F,A,A,A,H,-,D,D,0,,,Y,,Y,,C,02,0,1,0,0,0,0,0,0,1,"- ","- ",36.342369079589844,-119.71250915527344,KINGS,UNINCORPORATED,-119.71347808837891,36.34259033203125
91643989,2021,2021-12-06,9440,2021-11-29,1710,020947,,1,2,9,1600,0,3,5,,2,020,"16TH AVE","IDAHO AVE",0.00,,Y,A,-,N,,,,,,,,,,Y,3,0,2,2,A,-,03,22350,,N,C,C,A,A,H,-,D,A,0,,,,,Y,,D,22,0,2,0,0,0,0,0,0,0,"- ","- ",36.269561767578125,-119.74462890625,KINGS,UNINCORPORATED,-119.74463653564453,36.269557952880859
9361425,2021,2021-11-19,1601,2021-08-14,2021,171,7A,6,5,3,1601,0,0,0,,0,00N,"WHITLEY AV",DAIRY,0.00,,Y,A,-,N,,,,,,,,,,Y,4,0,4,2,A,-,09,21804,B,N,B,C,A,A,H,-,C,A,0,,,,,Y,,D,82,0,0,4,0,0,0,0,0,0,"- ","- ",36.098079681396484,-119.57200622558594,KINGS,CORCORAN,-119.57205200195312,36.098072052001953
91401598,2021,2021-02-03,9440,2021-01-28,1700,018450,,4,2,9,1600,0,1,3,,1,198,"SR-198 E/B","14TH AVE",1584.00,E,N,C,-,Y,,,198,,,,,,E,Y,3,0,1,1,A,-,03,22350,,N,E,I,A,B,H,-,D,D,0,,,,,Y,,A,01,0,1,0,0,0,0,0,0,0,"- ","- ",36.309299468994141,-119.70755004882812,KINGS,UNINCORPORATED,-119.70756530761719,36.309352874755859
91632427,2021,2021-12-07,9440,2021-11-16,0630,016774,,2,1,9,1600,0,1,3,,1,198,"SR-198 W/B","18TH AVE",4224.00,E,N,E,-,Y,,,198,,,,,,W,Y,1,1,0,1,A,-,08,22107,,N,F,0,A,B,H,-,A,D,0,,,,,Y,,A,07,0,0,0,0,0,0,0,0,0,"- ","- ",36.291671752929688,-119.77745819091797,KINGS,UNINCORPORATED,-119.77745819091797,36.291675567626953
91413851,2021,2021-02-23,9440,2021-02-14,1447,019220,,7,2,9,1600,0,3,5,,2,010,"UTICA AVE","6TH AVE",22.00,E,N,A,-,N,,,,,,,,,,Y,3,0,2,1,A,-,12,22450,A,N,E,I,A,A,H,-,A,A,0,,,,,Y,,A,01,0,2,0,0,0,0,0,0,0,"- ","- ",35.934200286865234,-119.57299041748047,KINGS,UNINCORPORATED,-119.57303619384766,35.934410095214844
9343592,2021,2021-10-27,1602,2021-09-18,1250,1440,42,6,5,4,1602,0,0,0,,0,002,"E FLORINDA ST","N WHITE ST",0.00,,Y,A,-,N,,,,,,,,,,N,3,0,3,2,A,-,08,22107,,N,A,C,A,A,H,-,A,D,0,,,,,Y,,A,01,0,3,0,0,0,0,0,0,0,"- ","- ",36.33489990234375,-119.63954162597656,KINGS,HANFORD,-119.63957214355469,36.334907531738281
91398465,2021,2021-01-29,9440,2021-01-22,1703,019755,,5,2,9,1600,0,1,3,,1,198,"SR-198 W/B","11TH AVE.",1056.00,E,N,A,-,Y,,,,,,,,,,Y,4,0,2,2,A,-,03,22350,,N,C,C,A,B,H,-,A,D,0,,,,,Y,,A,01,0,0,2,0,0,0,0,0,0,"- ","- ",36.321800231933594,-119.65254974365234,KINGS,UNINCORPORATED,-119.65152740478516,36.322006225585938
9385054,2021,2022-01-18,1602,2021-12-08,1707,1465,48,3,5,4,1602,0,0,0,,0,002,"N REDINGTON ST","W 7TH ST",0.00,,Y,A,-,N,,,,,,,,,,Y,4,0,3,3,A,-,08,22107,,N,-,C,A,A,H,-,C,A,0,,,,,Y,,A,01,0,0,3,0,0,0,0,0,0,"- ","- ",36.326141357421875,-119.64888000488281,KINGS,HANFORD,-119.64888763427734,36.326133728027344
9383617,2021,2022-01-21,1602,2021-12-15,1707,14113,48,3,5,4,1602,0,0,0,,0,002,"4TH ST","REDINGTON ST",0.00,,Y,A,-,N,,,,,,,,,,Y,3,0,3,4,A,-,08,22107,,N,C,C,A,A,H,-,C,A,0,,,,,Y,,A,01,0,1,2,0,0,0,0,0,0,"- ","- ",36.323139190673828,-119.64820098876953,KINGS,HANFORD,-119.64820098876953,36.323127746582031
9216878,2021,2021-03-10,1602,2021-01-07,1711,1425,10,4,5,4,1602,0,0,0,,0,002,"FARGO AV","KENSINGTON WY",0.00,,Y,A,-,N,,,,,,,,,,Y,3,0,1,2,A,-,09,21802,A,N,D,C,A,A,H,-,D,A,0,,,,,Y,,A,01,0,1,0,0,0,0,0,0,0,"- ","- ",36.357311248779297,-119.64153289794922,KINGS,HANFORD,-119.64151000976562,36.357307434082031
9272540,2021,2021-06-10,1602,2021-05-01,1556,1482,30,6,5,4,1602,0,0,0,,0,001,"12TH AV",GREENFIELD,0.00,,Y,A,-,N,,,,,,,,,,Y,3,0,2,2,A,-,12,21453,A,N,D,C,A,-,H,-,A,A,0,,,,,Y,,A,07,0,2,0,0,0,0,0,0,0,"- ","- ",36.336528778076172,-119.6729736328125,KINGS,HANFORD,-119.67291259765625,36.336536407470703
9416875,2021,2022-03-15,1601,2021-12-06,0909,126,7A,1,5,3,1601,0,0,0,,0,00N,"WHITLEY AV","POLE #1037488",4.00,W,N,A,-,N,,,,,,,,,,N,3,0,1,2,A,-,08,22107,,N,H,G,A,A,H,-,A,D,0,,Y,,,Y,,L,04,0,1,0,0,0,0,1,0,0,"- ","- ",36.098098754882812,-119.58094787597656,KINGS,CORCORAN,,
91527508,2021,2021-07-23,9440,2021-07-17,1037,018639,,6,1,9,1600,0,3,5,,2,020,"VISTA AVE","HOOD AVE",65.00,S,N,A,-,N,,,,,,,,,,N,4,0,1,2,A,-,08,22107,,F,G,B,E,A,H,-,A,D,0,Y,,,,Y,,A,01,0,0,1,0,1,0,0,0,0,"- ","- ",36.310249328613281,-119.70963287353516,KINGS,UNINCORPORATED,-119.70964050292969,36.310291290283203
91611978,2021,2021-11-01,9440,2021-10-23,1750,020936,,6,2,9,1600,0,1,3,,1,430,"SR-43 S/B","FARGO AVE",2112.00,N,N,F,-,Y,,,43,,,,,,S,Y,3,0,2,2,A,-,03,22350,,N,C,C,A,A,H,-,A,D,0,,,,,Y,,A,01,0,1,1,0,0,0,0,0,0,"- ","- ",36.361099243164062,-119.62748718261719,KINGS,UNINCORPORATED,-119.62745666503906,36.361160278320312
91638462,2021,2021-11-30,9440,2021-11-23,1050,018639,,2,1,9,1600,0,2,4,,1,068,"17TH AVENUE","HANFORD ARMONA ROAD",2165.00,N,N,E,-,N,,,,,,,,,,Y,4,0,1,1,A,-,08,22107,,N,E,I,A,B,H,-,A,D,0,,,,,Y,,A,01,0,0,1,0,0,0,0,0,0,"- ","- ",36.319099426269531,-119.76339721679688,KINGS,UNINCORPORATED,-119.76275634765625,36.319431304931641
9288574,2021,2021-09-07,1602,2021-06-21,1927,14101,38,1,5,4,1602,0,0,0,,0,001,"N 12TH AV","GREENFIELD AV",0.00,,Y,A,-,N,,,,,,,,,,Y,3,0,3,2,A,-,12,21453,A,N,B,C,A,A,H,-,A,A,0,,,,,Y,,A,07,0,2,1,0,0,0,0,0,0,"- ","- ",36.336528778076172,-119.6729736328125,KINGS,HANFORD,-119.67291259765625,36.336536407470703