CASE_ID,ACCIDENT_YEAR,PROC_DATE,JURIS,COLLISION_DATE,COLLISION_TIME,OFFICER_ID,REPORTING_DISTRICT,DAY_OF_WEEK,CHP_SHIFT,POPULATION,CNTY_CITY_LOC,SPECIAL_COND,BEAT_TYPE,CHP_BEAT_TYPE,CITY_DIVISION_LAPD,CHP_BEAT_CLASS,BEAT_NUMBER,PRIMARY_RD,SECONDARY_RD,DISTANCE,DIRECTION,INTERSECTION,WEATHER_1,WEATHER_2,STATE_HWY_IND,CALTRANS_COUNTY,CALTRANS_DISTRICT,STATE_ROUTE,ROUTE_SUFFIX,POSTMILE_PREFIX,POSTMILE,LOCATION_TYPE,RAMP_INTERSECTION,SIDE_OF_HWY,TOW_AWAY,COLLISION_SEVERITY,NUMBER_KILLED,NUMBER_INJURED,PARTY_COUNT,PRIMARY_COLL_FACTOR,PCF_CODE_OF_VIOL,PCF_VIOL_CATEGORY,PCF_VIOLATION,PCF_VIOL_SUBSECTION,HIT_AND_RUN,TYPE_OF_COLLISION,MVIW,PED_ACTION,ROAD_SURFACE,ROAD_COND_1,ROAD_COND_2,LIGHTING,CONTROL_DEVICE,CHP_ROAD_TYPE,PEDESTRIAN_ACCIDENT,BICYCLE_ACCIDENT,MOTORCYCLE_ACCIDENT,TRUCK_ACCIDENT,NOT_PRIVATE_PROPERTY,ALCOHOL_INVOLVED,STWD_VEHTYPE_AT_FAULT,CHP_VEHTYPE_AT_FAULT,COUNT_SEVERE_INJ,COUNT_VISIBLE_INJ,COUNT_COMPLAINT_PAIN,COUNT_PED_KILLED,COUNT_PED_INJURED,COUNT_BICYCLIST_KILLED,COUNT_BICYCLIST_INJURED,COUNT_MC_KILLED,COUNT_MC_INJURED,PRIMARY_RAMP,SECONDARY_RAMP,LATITUDE,LONGITUDE,COUNTY,CITY,POINT_X,POINT_Y
91564086,2021,2021-09-07,9440,2021-09-01,1756,017630,,3,2,9,1600,0,3,5,,2,020,"13TH AVE","LACEY BLVD",250.00,S,N,A,-,N,,,,,,,,,,N,4,0,5,3,A,-,03,22350,,N,C,C,A,A,H,-,A,A,0,,,,,Y,,A,07,0,0,5,0,0,0,0,0,0,"- ","- ",36.326999664306641,-119.6910400390625,KINGS,UNINCORPORATED,-119.69099426269531,36.327384948730469
91571167,2021,2021-09-15,9440,2021-09-07,1855,018450,,2,2,9,1600,0,2,4,,1,048,"HOUSTON AVE","2ND AVE",5280.00,W,N,A,-,N,,,,,,,,,,Y,3,0,2,2,A,-,06,21751,,N,A,C,A,A,H,-,A,D,0,,,,,Y,,A,01,0,2,0,0,0,0,0,0,0,"- ","- ",36.298271179199219,-119.51085662841797,KINGS,UNINCORPORATED,-119.51001739501953,36.298194885253906
91509842,2021,2021-06-30,9440,2021-06-20,2205,020998,,7,3,9,1600,0,2,4,,1,061,"6TH AVENUE","QUEBEC AVENUE",2640.00,S,N,A,-,N,,,,,,,,,,Y,4,0,1,1,A,-,08,22107,,N,F,A,A,A,H,-,D,D,0,,,,,Y,,A,01,0,0,1,0,0,0,0,0,0,"- ","- ",36.042869567871094,-119.57167053222656,KINGS,UNINCORPORATED,-119.57199859619141,36.043533325195312
91451948,2021,2021-04-16,9440,2021-01-20,2134,020998,,3,2,9,1600,0,2,4,,1,069,"18TH AVENUE","IDAHO AVENUE",293.00,S,N,A,-,N,,,,,,,,,,Y,1,1,0,2,A,-,11,21954,A,N,G,B,E,A,H,-,D,D,0,Y,,,,Y,,N,60,0,0,0,1,0,0,0,0,0,"- ","- ",36.268630981445312,-119.78105163574219,KINGS,UNINCORPORATED,-119.78093719482422,36.268363952636719
91492833,2021,2021-06-09,9495,2021-06-03,1650,019104,,4,2,9,1600,0,3,5,,2,054,"AVENAL CUTOFF ROAD","NEVADA AVENUE",0.00,,Y,A,-,N,,,,,,,,,,Y,4,0,2,2,A,-,12,22450,A,N,A,C,A,A,H,-,A,A,0,,,,,Y,,A,01,0,0,2,0,0,0,0,0,0,"- ","- ",36.137680053710938,-120.01158142089844,KINGS,UNINCORPORATED,-120.01139068603516,36.137779235839844
91646279,2021,2021-12-08,9440,2021-12-03,1450,020936,,5,2,9,1600,0,2,4,,1,041,"EXCELSIOR AVE","16TH AVE",30.00,E,N,A,-,N,,,,,,,,,,Y,4,0,2,2,A,-,03,22350,,N,C,C,A,A,H,-,A,D,0,,,,,Y,,D,22,0,0,2,0,0,0,0,0,0,"- ","- ",36.401069641113281,-119.744873046875,KINGS,UNINCORPORATED,-119.74491882324219,36.401069641113281
91448107,2021,2021-04-12,9495,2021-04-02,1210,019829,,5,1,9,1600,0,1,3,,1,010,"STATE ROUTE 41","HUBERT WAY",500.00,N,N,A,-,Y,,,41,,,,,,,N,4,0,5,2,A,-,03,22350,,N,C,C,A,A,H,-,A,D,0,,,,,Y,,A,07,0,0,5,0,0,0,0,0,0,"- ","- ",35.990489959716797,-119.95967864990234,KINGS,UNINCORPORATED,-119.95960235595703,35.990486145019531
91517939,2021,2021-07-12,9495,2021-07-04,1145,019082,,7,1,9,1600,0,1,3,,1,010,"STATE ROUTE 41","STANDARD OIL AVENUE",0.00,,Y,A,-,Y,,,41,,,,,,,Y,2,0,2,2,A,-,09,21801,A,N,D,C,A,A,H,-,A,D,0,,,,,Y,,A,01,1,1,0,0,0,0,0,0,0,"- ","- ",36.009101867675781,-119.95939636230469,KINGS,UNINCORPORATED,-119.95930480957031,36.009098052978516
91523204,2021,2021-07-19,9440,2021-07-13,1312,017161,,2,1,9,1600,0,1,3,,1,430,"SR-43 N/B","DOVER AVE.",234.00,S,N,A,-,Y,,,43,,,,,,N,Y,3,0,1,2,A,-,03,22350,,N,C,C,A,A,H,-,A,D,0,,,,,Y,,A,01,0,1,0,0,0,0,0,0,0,"- ","- ",36.414970397949219,-119.63677215576172,KINGS,UNINCORPORATED,-119.63680267333984,36.414970397949219
9364150,2021,2022-03-16,1602,2021-10-17,0743,14107,54,7,5,4,1602,0,0,0,,0,001,"W DAVIS ST","S RICHMOND AV",120.00,W,N,A,-,N,,,,,,,,,,N,4,0,1,2,A,-,21,22106,,M,C,A,A,A,H,-,A,D,0,,,,,Y,,A,01,0,0,1,0,0,0,0,0,0,"- ","- ",36.317501068115234,-119.65691375732422,KINGS,HANFORD,-119.65670013427734,36.317741394042969
9375991,2021,2021-12-23,1602,2021-10-31,1946,14100,40,7,5,4,1602,0,0,0,,0,001,"11TH AV","FLORINDA ST",0.00,,Y,A,-,N,,,,,,,,,,Y,3,0,3,3,A,-,01,23153,A,N,B,C,A,A,H,-,C,A,0,,,,,Y,Y,A,01,0,2,1,0,0,0,0,0,0,"- ","- ",36.334888458251953,-119.65514373779297,KINGS,HANFORD,-119.65517425537109,36.334907531738281
91645640,2021,2021-12-07,9440,2021-11-29,1000,014816,,1,1,9,1600,0,2,4,,1,045,"GRANGEVILLE BOULEVARD","5TH AVE",4224.00,E,N,A,-,N,,,,,,,,,,Y,4,0,1,1,A,-,08,22107,,N,E,I,A,A,H,-,A,D,0,,,,,Y,,A,01,0,0,1,0,0,0,0,0,0,"- ","- ",36.342868804931641,-119.54708862304688,KINGS,UNINCORPORATED,-119.53282928466797,36.343441009521484
91620193,2021,2021-11-09,9495,2021-11-03,0915,017686,,3,1,9,1600,0,1,1,,2,004,"INTERSTATE 5 NORTHBOUND","UTICA AVENUE",3960.00,S,N,A,-,Y,,,5,,,,,,N,Y,4,0,1,2,A,-,03,22350,,N,C,C,A,A,H,-,A,D,0,,,,,Y,,D,23,0,0,1,0,0,0,0,0,0,"- ","- ",35.925640106201172,-119.90267181396484,KINGS,UNINCORPORATED,-119.90267944335938,35.925632476806641
91459131,2021,2021-04-27,9440,2021-04-19,1020,019226,,1,1,4,1602,0,1,3,,1,198,"SR-198 W/B","11TH AVENUE",1056.00,W,N,A,-,Y,,,198,,,,,,W,Y,3,0,1,2,A,-,07,21658,A,N,B,C,A,A,H,-,A,D,0,,,,,Y,,A,01,0,1,0,0,0,0,0,0,0,"- ","- ",36.320819854736328,-119.6590576171875,KINGS,HANFORD,-119.6590576171875,36.320823669433594
91526947,2021,2021-07-22,9440,2021-07-19,1430,017161,,1,2,9,1600,0,1,3,,1,198,"SR-198 E/B","4TH AVE",389.00,W,N,A,-,Y,,,198,,,,,,E,Y,3,0,2,3,A,-,03,22350,,N,C,C,A,A,H,-,A,D,0,,,,Y,Y,,A,01,0,1,1,0,0,0,0,0,0,"- ","- ",36.328350067138672,-119.53144073486328,KINGS,UNINCORPORATED,-119.53144073486328,36.328281402587891
9361924,2021,2021-11-19,1601,2021-08-12,2144,126,9,4,5,3,1601,0,0,0,,0,00N,"OTIS AV","NORTH AV",0.00,,Y,A,-,N,,,,,,,,,,N,4,0,1,2,A,-,09,21801,A,N,D,C,A,A,H,-,C,D,0,,,,,Y,,A,01,0,0,1,0,0,0,0,0,0,"- ","- ",36.099529266357422,-119.55879211425781,KINGS,CORCORAN,-119.56230163574219,36.105327606201172
91540353,2021,2021-08-09,9495,2021-07-31,1400,019829,,6,2,9,1600,0,1,1,,2,004,"INTERSTATE 5 SOUTHBOUND","UTICA AVENUE",300.00,S,N,A,-,Y,,,5,,,,,,S,Y,3,0,1,2,A,-,07,21658,A,N,B,C,A,A,H,-,A,D,0,,,,,Y,,E,22,0,1,0,0,0,0,0,0,0,"- ","- ",35.933151245117188,-119.91060638427734,KINGS,UNINCORPORATED,-119.91072845458984,35.933029174804688
91543468,2021,2021-08-12,9440,2021-08-10,1250,018450,,2,1,9,1600,0,2,4,,1,069,"18TH AVENUE","LACEY BOULEVARD",1584.00,N,N,A,-,N,,,,,,,,,,Y,4,0,1,2,A,-,08,22107,,N,D,C,A,A,H,-,A,D,0,,,,,Y,,A,07,0,0,1,0,0,0,0,0,0,"- ","- ",36.33319091796875,-119.78115081787109,KINGS,UNINCORPORATED,-119.78079223632812,36.332347869873047
91669805,2021,2022-01-04,9440,2021-12-24,1515,020250,,5,2,9,1600,0,1,3,,1,198,"STATE ROUTE 198 (WESTBOUND)","12TH AVENUE",1584.00,W,N,B,C,Y,,,,,,,,,,Y,4,0,1,1,A,-,03,22350,,N,E,J,A,B,H,-,A,D,0,,,,,Y,,A,01,0,0,1,0,0,0,0,0,0,"- ","- ",36.3172607421875,-119.68231201171875,KINGS,UNINCORPORATED,-119.67835998535156,36.317726135253906
91491752,2021,2021-06-08,9440,2021-05-27,1601,017161,,4,2,9,1600,0,2,4,,1,063,"10 1/2 AVE","LANSING AVE",4752.00,S,N,A,-,N,,,,,,,,,,Y,4,0,1,2,A,-,08,22107,,N,D,C,A,A,H,-,A,D,0,,,,,Y,,A,07,0,0,1,0,0,0,0,0,0,"- ","- ",36.178478240966797,-119.64591979980469,KINGS,UNINCORPORATED,-119.64591979980469,36.183746337890625
91657951,2021,2022-01-20,9440,2021-12-15,0628,016585,,3,1,9,1600,0,1,3,,1,198,"SR-198 E/B","2ND AVE",5130.00,W,N,B,-,Y,,,,,,,,,,Y,4,0,1,2,A,-,03,22350,,N,A,C,A,A,H,-,B,D,0,,,,,Y,,A,01,0,0,1,0,0,0,0,0,0,"- ","- ",36.194160461425781,-119.30477905273438,KINGS,UNINCORPORATED,-119.51049041748047,36.328281402587891
9292563,2021,2021-07-27,1602,2021-06-28,1842,14109,47,1,5,4,1602,0,0,0,,0,001,"W 7TH ST","POWER POLE 4336546F",54.00,E,N,A,-,N,,,,,,,,,,Y,3,0,1,3,A,-,09,21804,,N,A,I,A,A,H,-,B,D,0,,,,,Y,Y,A,01,0,1,0,0,0,0,0,0,0,"- ","- ",36.325401306152344,-119.66039276123047,KINGS,HANFORD,,
9301554,2021,2021-10-01,1602,2021-08-06,2112,14104,49,5,5,4,1602,0,0,0,,0,002,"S DOUTY ST","5TH ST",0.00,,Y,A,-,N,,,,,,,,,,Y,4,0,2,2,A,-,12,22450,,N,D,D,A,A,H,-,C,A,0,,,,,Y,,A,01,0,0,2,0,0,0,0,0,0,"- ","- ",36.324668884277344,-119.64521026611328,KINGS,HANFORD,-119.64524841308594,36.324703216552734
9363489,2021,2021-11-30,1602,2021-10-30,0559,14104,48,6,5,4,1602,0,0,0,,0,002,"W 8TH ST","W 8TH ST 402",0.00,,Y,E,-,N,,,,,,,,,,N,4,0,1,2,A,-,21,22106,,N,C,E,A,B,H,-,B,D,0,,,,,Y,,A,07,0,0,1,0,0,0,0,0,0,"- ","- ",36.32720947265625,-119.65103149414062,KINGS,HANFORD,-119.64595794677734,36.327716827392578
91409013,2021,2021-02-16,9440,2021-02-07,0445,018639,,7,3,9,1600,0,1,3,,1,198,"SR-198 E/B",SR-41,686.00,E,N,E,-,Y,,,,,,,,,,Y,3,0,1,1,A,-,08,22107,,N,E,I,A,B,H,-,D,D,0,,,,,Y,,A,01,0,1,0,0,0,0,0,0,0,"- ","- ",36.283260345458984,-119.80474853515625,KINGS,UNINCORPORATED,-119.80747985839844,36.282428741455078
91456223,2021,2021-04-22,9440,2021-04-18,0707,020998,,7,1,9,1600,0,2,4,,1,050,"KANSAS AVENUE","18TH AVENUE",0.00,,Y,A,-,N,,,,,,,,,,Y,3,0,4,2,A,-,12,22450,A,N,D,C,A,A,H,-,A,A,0,,,,,Y,,A,01,0,3,1,0,0,0,0,0,0,"- ","- ",36.211349487304688,-119.78019714355469,KINGS,UNINCORPORATED,-119.78022766113281,36.211318969726562
91612102,2021,2021-11-01,9440,2021-10-24,1505,020936,,7,2,9,1600,0,2,4,,1,041,"EXCELSIOR AVE","11TH AVE",250.00,W,N,B,-,N,,,,,,,,,,Y,4,0,2,2,A,-,03,22350,,N,C,C,A,A,H,-,A,D,0,,,,,Y,,A,01,0,0,2,0,0,0,0,0,0,"- ","- ",36.401100158691406,-119.65579986572266,KINGS,UNINCORPORATED,-119.65581512451172,36.401115417480469
9285853,2021,2021-08-10,1603,2021-06-20,0900,1828,LA2,7,5,3,1603,0,0,0,,0,0L3,"WEST BUSH ST","VINE ST",0.00,,Y,A,-,N,,,,,,,,,,Y,3,0,2,2,A,-,01,23153,B,N,A,C,A,A,H,-,A,D,0,,,,,Y,Y,A,01,0,2,0,0,0,0,0,0,0,"- ","- ",,,KINGS,LEMOORE,-119.78980255126953,36.298267364501953
9327559,2021,2021-09-30,1602,2021-08-19,1306,1465,34,4,5,4,1602,0,0,0,,0,001,"GRANGEVILLE BL","REDINGTON ST",0.00,,Y,A,-,N,,,,,,,,,,Y,4,0,2,2,A,-,12,21453,A,N,D,C,A,A,H,-,A,A,0,,,,,Y,,D,22,0,0,2,0,0,0,0,0,0,"- ","- ",36.342681884765625,-119.64932250976562,KINGS,HANFORD,-119.64931488037109,36.342685699462891
91408685,2021,2021-02-16,9440,2021-02-07,0010,020998,,7,3,9,1600,0,1,3,,1,198,"SR-198 W/B","AVENAL CUTOFF RD",254.00,W,N,A,-,Y,,,198,,,,,,W,Y,4,0,2,1,A,-,08,22107,,N,F,A,A,A,H,-,C,D,0,,,,,Y,,A,01,0,0,2,0,0,0,0,0,0,"- ","- ",36.255760192871094,-119.86979675292969,KINGS,UNINCORPORATED,-119.86978149414062,36.255634307861328
91494237,2021,2021-06-10,9440,2021-06-03,1905,019755,,4,2,9,1600,0,1,3,,1,198,"SR-198 W/B","16TH AVE.",0.00,,Y,A,-,Y,,,198,,,,,,W,N,3,0,1,1,A,-,03,22350,,N,E,J,A,A,H,-,A,D,0,,,,,Y,,A,01,0,1,0,0,0,0,0,0,0,"- ","- ",36.300731658935547,-119.74510955810547,KINGS,UNINCORPORATED,-119.7449951171875,36.300247192382812
91494790,2021,2021-06-11,9440,2021-06-03,0735,019226,,4,1,9,1600,0,1,3,,1,410,"STATE ROUTE 41 SOUTHBOUND","HANFORD ARMONA RD",350.00,N,N,A,-,Y,,,41,,,,,,S,Y,3,0,3,3,A,-,03,22350,,N,C,C,A,A,H,-,A,A,0,,,,,Y,,D,22,0,2,1,0,0,0,0,0,0,"- ","- ",36.314861297607422,-119.80812835693359,KINGS,UNINCORPORATED,-119.80811309814453,36.314861297607422
91386165,2021,2021-01-12,9440,2021-01-01,0540,019226,,5,3,9,1600,0,2,4,,1,050,"KANSAS AVE","10 1/2 AVE",528.00,W,N,E,-,N,,,,,,,,,,Y,4,0,1,2,A,-,05,21650,,F,B,C,A,B,H,-,D,D,0,,,,,Y,,A,01,0,0,1,0,0,0,0,0,0,"- ","- ",36.211200714111328,-119.64959716796875,KINGS,UNINCORPORATED,-119.64769744873047,36.21124267578125
91544477,2021,2021-08-13,9440,2021-08-06,0753,016585,,5,1,9,1600,0,3,5,,2,010,"KENT AVE.","7TH AVE.",0.00,,Y,A,-,N,,,,,,,,,,Y,4,0,1,2,A,-,12,22450,A,N,D,C,A,A,H,-,A,A,0,,,,,Y,,D,22,0,0,1,0,0,0,0,0,0,"- ","- ",36.225971221923828,-119.58303833007812,KINGS,UNINCORPORATED,-119.58306884765625,36.225963592529297
9364100,2021,2021-12-13,1602,2021-10-14,2058,14104,10,4,5,4,1602,0,0,0,,0,002,"E FARGO AV","10TH AV",0.00,,Y,A,-,N,,,,,,,,,,Y,4,0,1,2,A,-,08,22107,,N,B,E,A,A,H,-,C,D,0,,,,,Y,,A,01,0,0,1,0,0,0,0,0,0,"- ","- ",36.357570648193359,-119.63871765136719,KINGS,HANFORD,-119.63709259033203,36.357334136962891
91518770,2021,2021-07-13,9440,2021-04-01,1830,016961,,4,2,9,1600,0,1,3,,1,430,SR-43,"NEVADA AVENUE",9504.00,N,N,A,-,Y,,,43,,,,,,,Y,1,3,2,2,A,-,01,23152,A,N,A,C,A,A,H,-,A,D,0,,,,,Y,Y,A,07,2,0,0,0,0,0,0,0,0,"- ","- ",36.137931823730469,-119.58505249023438,KINGS,UNINCORPORATED,-119.58506011962891,36.137924194335938
9340908,2021,2021-10-28,1602,2021-09-11,1659,14107,40,6,5,4,1602,0,0,0,,0,001,"N 11TH AV","W ELM ST",22.00,N,N,A,-,N,,,,,,,,,,Y,3,0,2,2,A,-,03,22350,,N,C,C,A,A,H,-,A,A,0,,,,,Y,,A,01,0,2,0,0,0,0,0,0,0,"- ","- ",36.338298797607422,-119.6551513671875,KINGS,HANFORD,-119.65516662597656,36.333881378173828
9241187,2021,2021-04-05,1602,2021-02-15,1446,1465,47,1,5,4,1602,0,0,0,,0,001,"W 7TH ST","REGAN WY",350.00,E,N,A,-,N,,,,,,,,,,Y,3,0,1,2,A,-,09,21801,A,N,D,C,A,A,H,-,A,D,0,,,,,Y,,A,01,0,1,0,0,0,0,0,0,0,"- ","- ",36.325458526611328,-119.65878295898438,KINGS,HANFORD,-119.65781402587891,36.325199127197266
9347412,2021,2021-10-28,1602,2021-09-22,1709,1425,40,3,5,4,1602,0,0,0,,0,001,"N 11TH AV","IVY ST",96.00,N,N,A,-,N,,,,,,,,,,N,4,0,1,2,A,-,03,22350,,N,C,C,A,A,H,-,A,A,0,,,Y,,Y,,C,02,0,0,1,0,0,0,0,0,1,"- ","- ",36.332191467285156,-119.65521240234375,KINGS,HANFORD,-119.65516662597656,36.332454681396484
91583791,2021,2021-09-30,9440,2021-09-19,1305,018450,,7,1,9,1600,0,2,4,,1,044,"SR-41 N/B","GRANGEVILLE BLVD",2112.00,S,N,A,-,Y,,,41,,,,,,N,Y,2,0,3,1,A,-,08,22107,,N,E,I,A,A,H,-,A,D,0,,,,,Y,,A,01,2,1,0,0,0,0,0,0,0,"- ","- ",36.335861206054688,-119.80780792236328,KINGS,UNINCORPORATED,-119.80783843994141,36.335861206054688
91600517,2021,2021-10-19,9495,2021-10-11,1615,021073,,1,2,9,1600,0,1,3,,1,007,"STATE ROUTE 33","STATE ROUTE 41",15840.00,S,N,A,G,Y,,,33,,,,,,,Y,3,0,1,2,A,-,03,22350,,N,C,2,A,A,H,-,A,D,0,,,,,Y,,A,01,0,1,0,0,0,0,0,0,0,"- ","- ",35.829750061035156,-120.01142120361328,KINGS,UNINCORPORATED,-120.0113525390625,35.829792022705078
91669813,2021,2022-01-04,9440,2021-12-24,1420,021086,,5,2,9,1600,0,1,3,,1,410,"STATE ROUTE 41 S/B","GRANGEVILLE BOULEVARD",40.00,N,N,B,C,Y,,,,,,,,,,Y,3,0,2,2,A,-,03,22350,,N,C,C,A,B,H,-,A,A,0,,,,,Y,,A,01,0,1,1,0,0,0,0,0,0,"- ","- ",34.342739105224609,-119.80828857421875,KINGS,UNINCORPORATED,-119.8082275390625,36.342597961425781
91527394,2021,2021-07-23,9440,2021-07-19,0525,019226,,1,3,9,1600,0,3,5,,2,010,"BENICIA AVENUE","6TH AVENUE",200.00,E,N,A,-,N,,,,,,,,,,Y,4,0,1,1,A,-,03,22350,,N,E,I,A,A,H,-,B,D,0,,,,,Y,,A,01,0,0,1,0,0,0,0,0,0,"- ","- ",36.481391906738281,-119.56353759765625,KINGS,UNINCORPORATED,-119.5640869140625,36.484981536865234
9299166,2021,2021-08-30,1602,2021-07-08,1244,14110,49,4,5,4,1602,0,0,0,,0,002,"E 6TH ST","DOUTY ST",0.00,,Y,A,-,N,,,,,,,,,,Y,4,0,2,2,A,-,09,21800,,N,A,C,A,A,H,-,A,A,0,,,,,Y,,A,01,0,0,2,0,0,0,0,0,0,"- ","- ",36.325550079345703,-119.64541625976562,KINGS,HANFORD,-119.64543914794922,36.325538635253906
91385774,2021,2021-01-12,9440,2021-01-03,1704,019755,,7,2,9,1600,0,1,3,,1,410,SR-41,"NEWTON AVE",1056.00,S,N,A,-,Y,,,41,,,,,,,Y,3,0,5,1,A,-,08,22107,,N,E,I,A,A,H,-,B,D,0,,,,,Y,,D,22,0,3,2,0,0,0,0,0,0,"- ","- ",36.121410369873047,-119.89353942871094,KINGS,UNINCORPORATED,-119.89349365234375,36.121379852294922
91519080,2021,2021-07-13,9440,2021-07-02,1250,018639,,5,1,9,1600,0,3,5,,2,020,"IDAHO AVENUE","14TH AVENUE",0.00,,Y,A,-,N,,,,,,,,,,Y,3,0,4,2,A,-,09,21802,A,N,D,C,A,A,H,-,A,A,0,,,,,Y,,A,01,0,4,0,0,0,0,0,0,0,"- ","- ",36.269321441650391,-119.70900726318359,KINGS,UNINCORPORATED,-119.70901489257812,36.269332885742188
9412196,2021,2022-03-21,1601,2021-10-26,0751,188,7B,2,5,3,1601,0,0,0,,0,00S,"DAIRY AV","DAIRY AV 1128",0.00,,N,A,-,N,,,,,,,,,,N,3,0,1,2,A,-,10,21950,A,N,G,B,B,A,H,-,A,A,0,Y,,,,Y,,D,22,0,1,0,0,1,0,0,0,0,"- ","- ",36.097541809082031,-119.57203674316406,KINGS,CORCORAN,-119.57211303710938,36.108089447021484
91589781,2021,2021-10-06,9440,2021-10-01,1703,017161,,5,2,9,1600,0,2,4,,1,067,"14TH AVE","LOCUST ST",134.00,S,N,A,-,N,,,,,,,,,,N,2,0,1,2,A,-,05,21460,A,N,D,C,A,A,H,-,A,D,0,,,Y,,Y,,C,02,1,0,0,0,0,0,0,0,1,"- ","- ",36.316879272460938,-119.70918273925781,KINGS,UNINCORPORATED,-119.70900726318359,36.316593170166016
91652249,2021,2021-12-14,9440,2021-12-08,0920,014816,,3,1,9,1600,0,2,4,,1,065,"12TH AVENUE","HOUSTON AVENUE",1780.00,S,N,E,-,N,,,,,,,,,,Y,4,0,2,2,A,-,09,21801,A,N,D,C,A,A,H,-,A,D,0,,,,,Y,,A,07,0,0,2,0,0,0,0,0,0,"- ","- ",36.298351287841797,-119.67273712158203,KINGS,UNINCORPORATED,-119.67272186279297,36.293464660644531
91691962,2021,2022-02-02,9440,2021-11-01,0533,018639,,1,3,9,1600,0,2,4,,1,061,"6TH AVENUE","FLINT AVENUE",563.00,N,N,B,-,N,,,,,,,,,,Y,1,1,1,2,A,-,01,23152,F,N,A,C,A,A,H,-,D,D,0,,,,,Y,,A,01,1,0,0,0,0,0,0,0,0,"- ","- ",36.373600006103516,-119.56501007080078,KINGS,UNINCORPORATED,-119.56500244140625,36.373516082763672
9293370,2021,2021-08-09,1601,2021-02-06,0103,43,2,6,5,3,1601,0,0,0,,0,00N,"ORANGE AV","LETTS AV",10.00,W,N,A,-,N,,,,,,,,,,Y,3,0,3,1,A,-,07,21658,A,M,E,I,A,A,H,-,C,D,0,,,,,Y,Y,A,01,0,3,0,0,0,0,0,0,0,"- ","- ",36.109260559082031,-119.56536865234375,KINGS,CORCORAN,-119.56783294677734,36.108982086181641
91603592,2021,2021-10-22,9440,2021-10-15,0240,019226,,5,3,9,1600,0,2,4,,1,050,"KANSAS AVENUE","6TH AVENUE",3696.00,E,N,A,-,N,,,,,,,,,,Y,3,0,3,2,A,-,09,21801,A,N,A,C,A,A,H,-,C,D,0,,,,,Y,,A,01,0,3,0,0,0,0,0,0,0,"- ","- ",36.211021423339844,-119.56022644042969,KINGS,UNINCORPORATED,-119.55244445800781,36.211078643798828
9230022,2021,2021-03-19,1603,2021-01-14,2050,899,LK1,4,5,3,1603,0,0,0,,0,0L2,"E SPRUCE AV","NORTH LEMOORE AV",100.00,E,N,A,-,N,,,,,,,,,,Y,3,0,1,1,A,-,08,22107,,N,E,J,A,A,H,-,C,D,0,,,,,Y,,A,01,0,1,0,0,0,0,0,0,0,"- ","- ",,,KINGS,LEMOORE,-119.78044891357422,36.319194793701172
91386211,2021,2021-01-12,9440,2021-01-06,0814,016961,,3,1,9,1600,0,1,3,,1,410,"SR-41 N/B","HANFORD ARMONA RD",60.00,S,N,E,-,Y,,,41,,,,,,N,Y,4,0,3,3,A,-,03,22350,,N,C,C,A,A,H,-,A,A,0,,,,,Y,,A,01,0,0,3,0,0,0,0,0,0,"- ","- ",36.313339233398438,-119.80777740478516,KINGS,UNINCORPORATED,-119.80775451660156,36.313339233398438
91393881,2021,2021-01-25,9440,2021-01-22,1825,019220,,5,2,9,1600,0,1,3,,1,430,"STATE ROUTE 43 S/B","JERSEY AVE",10.00,N,N,C,-,Y,,,43,,,,,,S,Y,4,0,1,2,A,-,03,22350,,N,C,C,A,B,H,-,D,D,0,,,,,Y,,A,01,0,0,1,0,0,0,0,0,0,"- ","- ",36.240459442138672,-119.60079956054688,KINGS,UNINCORPORATED,-119.60075378417969,36.240459442138672