CASE_ID,ACCIDENT_YEAR,PROC_DATE,JURIS,COLLISION_DATE,COLLISION_TIME,OFFICER_ID,REPORTING_DISTRICT,DAY_OF_WEEK,CHP_SHIFT,POPULATION,CNTY_CITY_LOC,SPECIAL_COND,BEAT_TYPE,CHP_BEAT_TYPE,CITY_DIVISION_LAPD,CHP_BEAT_CLASS,BEAT_NUMBER,PRIMARY_RD,SECONDARY_RD,DISTANCE,DIRECTION,INTERSECTION,WEATHER_1,WEATHER_2,STATE_HWY_IND,CALTRANS_COUNTY,CALTRANS_DISTRICT,STATE_ROUTE,ROUTE_SUFFIX,POSTMILE_PREFIX,POSTMILE,LOCATION_TYPE,RAMP_INTERSECTION,SIDE_OF_HWY,TOW_AWAY,COLLISION_SEVERITY,NUMBER_KILLED,NUMBER_INJURED,PARTY_COUNT,PRIMARY_COLL_FACTOR,PCF_CODE_OF_VIOL,PCF_VIOL_CATEGORY,PCF_VIOLATION,PCF_VIOL_SUBSECTION,HIT_AND_RUN,TYPE_OF_COLLISION,MVIW,PED_ACTION,ROAD_SURFACE,ROAD_COND_1,ROAD_COND_2,LIGHTING,CONTROL_DEVICE,CHP_ROAD_TYPE,PEDESTRIAN_ACCIDENT,BICYCLE_ACCIDENT,MOTORCYCLE_ACCIDENT,TRUCK_ACCIDENT,NOT_PRIVATE_PROPERTY,ALCOHOL_INVOLVED,STWD_VEHTYPE_AT_FAULT,CHP_VEHTYPE_AT_FAULT,COUNT_SEVERE_INJ,COUNT_VISIBLE_INJ,COUNT_COMPLAINT_PAIN,COUNT_PED_KILLED,COUNT_PED_INJURED,COUNT_BICYCLIST_KILLED,COUNT_BICYCLIST_INJURED,COUNT_MC_KILLED,COUNT_MC_INJURED,PRIMARY_RAMP,SECONDARY_RAMP,LATITUDE,LONGITUDE,COUNTY,CITY,POINT_X,POINT_Y
91395040,2021,2021-01-27,9440,2021-01-23,0450,020998,,6,3,9,1600,0,2,4,,1,064,"11TH AVE","KANSAS AVE",0.00,,Y,A,-,N,,,,,,,,,,Y,3,0,1,1,A,-,01,23152,A,N,E,I,A,B,H,-,C,A,0,,,,,Y,Y,D,22,0,1,0,0,0,0,0,0,0,"- ","- ",36.211048126220703,-119.65496063232422,KINGS,UNINCORPORATED,-119.65489959716797,36.211166381835938
91400622,2021,2021-02-02,9440,2021-01-25,1508,019755,,1,2,9,1600,0,1,3,,1,198,"SR-198 E/B","18TH AVENUE",1056.00,E,N,A,-,Y,,,,,,,,,,Y,4,0,1,1,A,-,08,22107,,N,E,I,A,B,H,-,A,D,0,,,,,Y,,A,01,0,0,1,0,0,0,0,0,0,"- ","- ",36.291538238525391,-116.77430725097656,KINGS,UNINCORPORATED,-119.77749633789062,36.291568756103516
91401719,2021,2021-02-03,9440,2021-01-28,1745,019220,,4,2,9,1600,0,2,4,,1,067,"14TH AVE","FRONT ST",30.00,N,N,C,-,N,,,,,,,,,,N,4,0,1,2,A,-,09,21804,A,N,D,C,A,B,H,-,C,D,0,,,,,Y,,A,01,0,0,1,0,0,0,0,0,0,"- ","- ",36.315990447998047,-119.70903778076172,KINGS,UNINCORPORATED,-119.70900726318359,36.315841674804688
91402363,2021,2021-02-04,9440,2021-02-01,1715,016774,,1,2,9,1600,0,1,3,,1,430,SR-43,"DOVER AVE",528.00,S,N,A,-,Y,,,43,,,,,,,Y,4,0,1,1,A,-,08,22107,,N,E,I,A,A,H,-,B,D,0,,,,,Y,,A,01,0,0,1,0,0,0,0,0,0,"- ","- ",36.413639068603516,-119.63674163818359,KINGS,UNINCORPORATED,-119.63681030273438,36.413639068603516
91404084,2021,2021-02-08,9440,2021-02-02,1415,016774,,2,2,9,1600,0,2,4,,1,064,"11TH AVE","KENT AVE",3696.00,N,N,A,-,N,,,,,,,,,,Y,3,0,1,1,A,-,08,22107,,N,F,A,A,A,H,-,A,D,0,,,,,Y,,A,07,0,1,0,0,0,0,0,0,0,"- ","- ",36.2364501953125,-119.65495300292969,KINGS,UNINCORPORATED,-119.65485382080078,36.235946655273438
91405811,2021,2021-02-10,9495,2021-02-06,1153,020246,,6,1,9,1600,0,1,1,,2,004,"INTERSTATE 5 SOUTHBOUND","WATERLOO AVENUE",6336.00,N,N,A,-,Y,,,5,,,,,,S,Y,2,0,1,2,A,-,07,21658,A,N,B,C,A,A,H,-,A,D,0,,,,,Y,,D,22,1,0,0,0,0,0,0,0,0,"- ","- ",35.888229370117188,-119.86467742919922,KINGS,UNINCORPORATED,-119.86481475830078,35.888099670410156
91406654,2021,2021-02-11,9440,2021-02-04,0422,021114,,4,3,9,1600,0,1,3,,1,198,"SR-198 E/B","HANFORD ARMONA RD",200.00,W,N,A,-,Y,,,198,,,,,,E,Y,3,0,1,1,A,-,01,23152,F,N,E,I,A,A,H,-,C,D,0,,,,,Y,,A,01,0,1,0,0,0,0,0,0,0,"- ","- ",36.313789367675781,-119.69316864013672,KINGS,UNINCORPORATED,-119.69319915771484,36.313888549804688
91408701,2021,2021-03-05,9440,2021-02-06,0715,019226,,6,1,9,1600,0,1,3,,1,410,"STATE ROUTE 41","JACKSON AVENUE",0.00,,Y,E,-,Y,,,41,,,,,,,Y,3,0,2,2,A,-,09,21802,A,N,D,C,A,A,H,-,A,A,0,,,,,Y,,D,22,0,1,1,0,0,0,0,0,0,"- ","- ",36.25482177734375,-119.80876922607422,KINGS,UNINCORPORATED,-119.80879211425781,36.254829406738281
91417757,2021,2021-03-01,9440,2021-02-17,0650,016961,,3,1,9,1600,0,2,4,,1,061,"6TH AVENUE","DOVER AVENUE",648.00,N,N,A,-,N,,,,,,,,,,Y,2,0,3,2,A,-,05,21650,,N,A,C,A,A,H,-,A,D,0,,,,,Y,,A,07,2,0,1,0,0,0,0,0,0,"- ","- ",36.417701721191406,-119.56487274169922,KINGS,UNINCORPORATED,-119.56478118896484,36.417697906494141
91417830,2021,2021-03-01,9495,2021-02-18,1752,019453,,4,2,9,1600,0,1,1,,2,004,"INTERSTATE 5 SOUTHBOUND","XENIA AVENUE",1320.00,S,N,A,-,Y,,,,,,,,,,Y,4,0,1,2,A,-,03,22350,,N,C,C,A,A,H,-,A,D,0,,,,Y,Y,,G,25,0,0,1,0,0,0,0,0,0,"- ","- ",35.7864990234375,-119.78060150146484,KINGS,UNINCORPORATED,,
91418367,2021,2021-03-01,9440,2021-02-21,1445,019220,,7,2,9,1600,0,2,4,,1,067,"14TH AVE","IONA AVE",0.00,,Y,A,-,N,,,,,,,,,,N,4,0,2,2,A,-,08,22107,,N,D,C,A,A,H,-,A,D,0,,,,,Y,,D,22,0,0,2,0,0,0,0,0,0,"- ","- ",36.283641815185547,-119.70915985107422,KINGS,UNINCORPORATED,-119.70913696289062,36.283924102783203
91422300,2021,2021-03-08,9495,2021-02-28,1140,019829,,7,1,9,1600,0,1,3,,1,010,"STATE ROUTE 41","YORK AVENUE",5280.00,N,N,A,-,Y,,,41,,,,,,,Y,3,0,2,1,A,-,08,22107,,N,E,I,A,A,H,-,A,D,0,,,,,Y,,A,01,0,2,0,0,0,0,0,0,0,"- ","- ",35.822021484375,-120.09532165527344,KINGS,UNINCORPORATED,-120.09540557861328,35.822063446044922
91425522,2021,2021-03-11,9440,2021-03-06,1800,018450,,6,2,9,1600,0,1,3,,1,410,"SR-41 S/B","KENT AVENUE",400.00,S,N,A,-,Y,,,41,,,,,,S,Y,4,0,1,2,A,-,03,22350,,N,C,C,A,A,H,-,D,D,0,,,,,Y,,A,01,0,0,1,0,0,0,0,0,0,"- ","- ",36.224250793457031,-119.81610107421875,KINGS,UNINCORPORATED,-119.816162109375,36.224250793457031
91427289,2021,2021-03-15,9495,2021-03-07,0155,021213,,7,3,9,1600,0,1,1,,2,004,"INTERSTATE 5 (NORTHBOUND)","MILHAM AVENUE",1056.00,S,N,A,-,Y,,,5,,,,,,,Y,4,0,2,1,A,-,01,23152,A,N,E,I,A,A,H,-,D,D,0,,,,,Y,Y,A,01,0,0,2,0,0,0,0,0,0,"- ","- ",36.007148742675781,-119.98583984375,KINGS,UNINCORPORATED,-119.98575592041016,36.007274627685547
91441170,2021,2021-04-01,9440,2021-03-23,0659,016585,,2,1,9,1600,0,2,4,,1,040,"AVENAL CUTOFF RD","GALE AVE.",1250.00,S,N,A,-,N,,,,,,,,,,Y,4,0,2,3,A,-,04,21703,,N,C,C,A,A,H,-,B,D,0,,,,,Y,,D,22,0,0,2,0,0,0,0,0,0,"- ","- ",36.179061889648438,-119.95863342285156,KINGS,UNINCORPORATED,-119.95861053466797,36.179061889648438
91449322,2021,2021-04-13,9440,2021-04-08,1459,017161,,4,2,9,1600,0,1,3,,1,410,"SR-41 S/B","ELGIN AVE.",0.00,,Y,A,-,Y,,,41,,,,,,S,Y,4,0,1,2,A,-,09,21802,A,N,D,C,A,A,H,-,A,A,0,,,,,Y,,A,01,0,0,1,0,0,0,0,0,0,"- ","- ",36.380279541015625,-119.81018829345703,KINGS,UNINCORPORATED,-119.81017303466797,36.380279541015625
91450441,2021,2021-04-14,9440,2021-04-11,1040,016774,,7,1,9,1600,0,2,4,,1,066,"12 3/4 AVE","EXCELSIOR AVE",0.00,,Y,A,-,N,,,,,,,,,,Y,4,0,1,3,A,-,09,21802,A,N,D,C,A,A,H,-,A,A,0,,,,,Y,,A,01,0,0,1,0,0,0,0,0,0,"- ","- ",36.401180267333984,-119.68644714355469,KINGS,UNINCORPORATED,-119.52878570556641,36.401416778564453
91456438,2021,2021-04-22,9440,2021-04-20,1552,016961,,2,2,9,1600,0,1,3,,1,198,"SR-198 E/B","21ST AVE",2640.00,W,N,A,-,Y,,,198,,,,,,E,Y,3,0,1,1,A,-,03,22350,,N,F,A,A,A,H,-,A,D,0,,,Y,,Y,,C,02,0,1,0,0,0,0,0,0,1,"- ","- ",36.270591735839844,-119.83464050292969,KINGS,UNINCORPORATED,-119.83454895019531,36.270381927490234
91460154,2021,2021-04-28,9440,2021-04-26,1140,016774,,1,1,9,1600,0,3,5,,2,010,"NILES AVE","10TH AVE",0.00,,Y,A,-,N,,,,,,,,,,Y,4,0,2,2,A,-,12,22450,A,N,D,C,A,A,H,-,A,A,0,,,,,Y,,A,01,0,0,2,0,0,0,0,0,0,"- ","- ",36.116138458251953,-119.64434814453125,KINGS,UNINCORPORATED,-119.64437866210938,36.116245269775391
91461656,2021,2021-04-29,9440,2021-04-25,1412,017161,,7,2,9,1600,0,2,4,,1,067,"IDAHO AVE","14TH AVE",0.00,,Y,B,-,N,,,,,,,,,,Y,4,0,2,2,A,-,09,21802,A,N,D,C,A,A,H,-,A,A,0,,,,,Y,,A,01,0,0,2,0,0,0,0,0,0,"- ","- ",36.269329071044922,-119.70903778076172,KINGS,UNINCORPORATED,-119.70901489257812,36.269332885742188
91467398,2021,2021-05-06,9440,2021-05-01,1420,019220,,6,2,9,1600,0,1,3,,1,430,"STATE ROUTE 43 (NORTHBOUND)","LACEY BLVD",0.00,,Y,A,-,Y,,,43,,,,,,,N,4,0,1,2,A,-,09,21803,A,N,D,C,A,A,H,-,A,A,0,,,,,Y,,D,22,0,0,1,0,0,0,0,0,0,"- ","- ",36.329921722412109,-119.60089111328125,KINGS,UNINCORPORATED,-119.60094451904297,36.329921722412109
91467984,2021,2021-05-07,9440,2021-05-02,1912,017161,,7,2,9,1600,0,1,3,,1,198,"SR-198 W/B","6TH AVE",0.00,,Y,A,-,Y,,,198,,,,,,W,Y,4,0,2,2,A,-,09,21802,A,N,D,C,A,A,H,-,B,A,0,,,,,Y,,A,07,0,0,2,0,0,0,0,0,0,"- ","- ",36.328498840332031,-119.56514739990234,KINGS,UNINCORPORATED,-119.56514739990234,36.328227996826172
91468299,2021,2021-05-07,9440,2021-04-29,2140,019755,,4,2,9,1600,0,1,3,,1,198,"SR-198 E/B","7TH AVENUE",2112.00,E,N,A,-,Y,,,198,,,,,,E,Y,4,0,1,2,A,-,01,23152,A,N,C,C,A,A,H,-,D,D,0,,,,,Y,Y,D,22,0,0,1,0,0,0,0,0,0,"- ","- ",36.328109741210938,-119.57650756835938,KINGS,UNINCORPORATED,-119.57650756835938,36.328128814697266
91470980,2021,2021-05-12,9440,2021-05-06,1534,016961,,4,2,9,1600,0,2,4,,1,069,"18TH AVE","FLINT AVE",0.00,,Y,A,-,N,,,,,,,,,,Y,4,0,1,2,A,-,09,21802,A,N,D,C,A,A,H,-,A,A,0,,,,,Y,,D,22,0,0,1,0,0,0,0,0,0,"- ","- ",36.371761322021484,-119.78102111816406,KINGS,UNINCORPORATED,-119.78105163574219,36.371780395507812
91470987,2021,2021-05-12,9440,2021-05-06,1439,017161,,4,2,9,1600,0,1,3,,1,198,"SR-198 W/B","6TH AVE",0.00,,Y,A,-,Y,,,198,,,,,,W,Y,3,0,3,2,A,-,09,21801,A,N,D,C,A,A,H,-,A,D,0,,,,,Y,,A,01,0,3,0,0,0,0,0,0,0,"- ","- ",36.328208923339844,-119.56513214111328,KINGS,UNINCORPORATED,-119.56513214111328,36.328227996826172
91471744,2021,2021-05-27,9440,2021-05-11,0540,016774,,2,3,9,1600,0,1,3,,1,410,SR-41,"LAUREL AVE",0.00,,Y,A,-,Y,,,41,,,,,,,Y,3,0,2,2,A,-,09,21802,A,N,D,C,A,A,H,-,B,D,0,,,,,Y,,A,07,0,2,0,0,0,0,0,0,0,"- ","- ",36.189441680908203,-119.82787322998047,KINGS,UNINCORPORATED,-119.82788848876953,36.189453125
91472938,2021,2021-05-13,9440,2021-05-06,2035,017161,,4,2,9,1600,0,2,4,,1,050,"KANSAS AVE","9 1/2 AVE",1056.00,W,N,A,-,N,,,,,,,,,,Y,4,0,2,2,A,-,14,38345,,N,C,C,A,A,H,-,D,D,0,,,,,Y,,M,46,0,0,2,0,0,0,0,0,0,"- ","- ",36.211238861083984,-119.63030242919922,KINGS,UNINCORPORATED,-119.6314697265625,36.211246490478516
91474701,2021,2021-05-17,9440,2021-01-20,2235,021086,,3,3,9,1600,0,1,3,,1,410,"STATE ROUTE 41","NEWTON AVENUE",110.00,N,N,A,-,Y,,,41,,,,,,,Y,1,1,0,1,A,-,01,23152,A,N,E,I,A,A,H,-,C,D,0,,,,,Y,Y,A,07,0,0,0,0,0,0,0,0,0,"- ","- ",36.12384033203125,-119.891357421875,KINGS,UNINCORPORATED,-119.89144897460938,36.123920440673828
91476960,2021,2021-05-27,9440,2021-05-14,2035,019220,,5,2,9,1600,0,2,4,,1,045,"GRANGEVILLE BLVD","23RD AVENUE",260.00,E,N,A,-,N,,,,,,,,,,N,3,0,1,2,A,-,03,22350,,N,C,C,A,A,H,-,D,D,0,,,,,Y,,A,01,0,1,0,0,0,0,0,0,0,"- ","- ",36.343940734863281,-119.86829376220703,KINGS,UNINCORPORATED,-119.86835479736328,36.343952178955078
91479184,2021,2021-05-27,9440,2021-05-17,2045,017161,,1,2,9,1600,0,1,3,,1,198,"SR-198 W/B",SR-43,400.00,W,N,A,-,Y,,,198,,,,,,W,N,4,0,1,1,C,-,18,,,N,E,J,A,A,H,-,E,D,0,,,,,Y,,-,"- ",0,0,1,0,0,0,0,0,0,"- ","- ",36.3248291015625,-119.60265350341797,KINGS,UNINCORPORATED,-119.6026611328125,36.324867248535156
91481052,2021,2021-05-27,9440,2021-05-23,1400,017161,,7,2,9,1600,0,3,5,,2,030,"25TH AVE",SR-198,1584.00,S,N,A,-,N,,,,,,,,,,Y,3,0,1,1,A,-,08,22107,,N,F,A,A,A,H,-,A,D,0,,,,,Y,,A,01,0,1,0,0,0,0,0,0,0,"- ","- ",36.244651794433594,-119.90518188476562,KINGS,UNINCORPORATED,-119.90509033203125,36.251003265380859
91482295,2021,2021-05-27,9440,2021-05-14,1855,019220,,5,2,9,1600,0,3,5,,2,030,"NEVADA AVENUE","STATE ROUTE 41",234.00,E,N,A,-,N,,,,,,,,,,N,3,0,1,1,A,-,03,22350,,N,E,I,A,A,H,-,A,A,0,,,,,Y,,J,48,0,1,0,0,0,0,0,0,0,"- ","- ",36.137870788574219,-119.87770843505859,KINGS,UNINCORPORATED,-119.87886047363281,36.137741088867188
91488339,2021,2021-06-03,9440,2021-05-24,0646,016961,,1,1,9,1600,0,2,4,,1,040,"AVENAL CUTOFF RD",SR-198,528.00,N,N,A,-,N,,,,,,,,,,Y,4,0,1,1,A,-,08,22107,,N,E,I,A,A,H,-,A,D,0,,,,,Y,,A,01,0,0,1,0,0,0,0,0,0,"- ","- ",36.152698516845703,-119.52101135253906,KINGS,UNINCORPORATED,-119.86953735351562,36.257198333740234
91488825,2021,2021-06-03,9440,2021-05-25,1042,018639,,2,1,9,1600,0,1,3,,1,410,"SR-41 S/B","GRANGEVILLE BLVD",115.00,N,N,A,-,Y,,,41,,,,,,S,Y,3,0,1,3,A,-,03,22350,,N,C,C,A,A,H,-,A,A,0,,,,,Y,,A,08,0,1,0,0,0,0,0,0,0,"- ","- ",36.343441009521484,-119.80821228027344,KINGS,UNINCORPORATED,-119.8082275390625,36.343441009521484
91490826,2021,2021-06-07,9495,2021-05-23,2235,021300,,7,3,9,1600,0,1,3,,1,010,"STATE ROUTE 41 NORTHBOUND","INTERSTATE 5",700.00,N,N,A,-,Y,,,41,,,,,,N,Y,3,0,3,2,A,-,08,22107,,N,C,C,A,A,H,-,C,D,0,,,,,Y,,A,07,0,1,2,0,0,0,0,0,0,"- ","- ",35.983730316162109,-119.95980072021484,KINGS,UNINCORPORATED,-119.959716796875,35.983722686767578
91490960,2021,2021-06-07,9440,2021-05-26,0553,016585,,3,3,9,1600,0,1,3,,1,430,SR-43,"10TH AVE",0.00,,Y,A,-,Y,,,,,,,,,,Y,4,0,2,2,A,-,12,22450,A,N,D,C,A,A,H,-,A,A,0,,,,,Y,,A,01,0,0,2,0,0,0,0,0,0,"- ","- ",36.215808868408203,-119.38095092773438,KINGS,UNINCORPORATED,-119.63594818115234,36.366363525390625
91492938,2021,2021-06-09,9440,2021-06-01,0450,021086,,2,3,9,1600,0,2,4,,1,050,"KANSAS AVENUE","13TH AVENUE",1595.00,W,N,A,-,N,,,,,,,,,,Y,3,0,1,3,A,-,08,22107,,N,B,C,A,A,H,-,B,D,0,,,,Y,Y,,A,01,0,1,0,0,0,0,0,0,0,"- ","- ",36.211101531982422,-119.69561767578125,KINGS,UNINCORPORATED,-119.69605255126953,36.211105346679688
91493035,2021,2021-06-09,9440,2021-06-02,0950,019220,,3,1,9,1600,0,1,3,,1,198,"STATE ROUTE 198 (WESTBOUND)","21ST AVENUE",3696.00,W,N,A,-,Y,,,198,,,,,,,N,4,0,1,2,A,-,03,22350,,N,C,C,A,A,A,H,A,D,0,,,,Y,Y,,A,01,0,0,1,0,0,0,0,0,0,"- ","- ",36.265830993652344,-119.84590148925781,KINGS,UNINCORPORATED,-119.84584045410156,36.265693664550781
91495224,2021,2021-06-11,9440,2021-06-08,1240,016774,,2,1,9,1600,0,2,4,,1,041,"EXCELSIOR AVE","22ND AVE",0.00,,Y,A,-,N,,,,,,,,,,Y,4,0,1,2,A,-,09,21802,A,N,D,C,A,A,H,-,A,A,0,,,,,Y,,A,01,0,0,1,0,0,0,0,0,0,"- ","- ",36.401981353759766,-119.85124206542969,KINGS,UNINCORPORATED,-119.85124206542969,36.402019500732422
91496135,2021,2021-06-14,9440,2021-06-02,1240,016585,,3,1,9,1600,0,2,4,,1,061,"6TH AVE","UTICA AVE",5280.00,S,N,A,-,N,,,,,,,,,,Y,2,0,1,1,A,-,08,22107,,N,F,A,A,A,H,-,A,D,0,,,,,Y,,D,22,1,0,0,0,0,0,0,0,0,"- ","- ",35.927249908447266,-119.57295989990234,KINGS,UNINCORPORATED,-119.57331848144531,35.919918060302734
91496759,2021,2021-06-14,9495,2021-06-10,0900,019082,,4,1,9,1600,0,1,1,,2,004,"INTERSTATE 5 (SOUTHBOUND)","UTICA AVENUE",6336.00,S,N,A,-,Y,,,,,,,,,,Y,4,0,1,2,A,-,08,22107,,N,C,E,A,A,H,-,A,D,0,,,,Y,Y,,E,22,0,0,1,0,0,0,0,0,0,"- ","- ",35.552600860595703,-119.54060363769531,KINGS,UNINCORPORATED,-119.91143798828125,35.933708190917969
91500246,2021,2021-06-18,9440,2021-06-10,1745,017161,,4,2,9,1600,0,2,4,,1,043,"FLINT AVE.","6TH AVE.",0.00,,Y,A,-,N,,,,,,,,,,Y,4,0,1,2,A,-,09,21802,A,N,D,C,A,A,H,-,A,A,0,,,,Y,Y,,A,07,0,0,1,0,0,0,0,0,0,"- ","- ",36.371959686279297,-119.56497955322266,KINGS,UNINCORPORATED,-119.56500244140625,36.371971130371094
91503728,2021,2021-06-23,9440,2021-06-09,2500,021114,,3,4,9,1600,0,2,4,,1,061,"6TH AVE.","COUNTY LINE RD.",12144.00,N,N,A,-,N,,,,,,,,,,Y,2,0,4,1,A,-,08,22107,,N,E,I,A,A,H,-,D,D,0,,,,,Y,,A,07,2,1,1,0,0,0,0,0,0,"- ","- ",35.829288482666016,-119.57267761230469,KINGS,UNINCORPORATED,-119.57349395751953,35.822284698486328
91504428,2021,2021-06-23,9440,2021-06-12,1208,016961,,6,1,9,1600,0,3,5,,2,020,"13TH AVE","EXCELSIOR AVE",25.00,S,N,A,-,N,,,,,,,,,,N,4,0,3,2,A,-,03,22350,,N,C,C,A,A,H,-,A,A,0,,,,,Y,,A,07,0,0,3,0,0,0,0,0,0,"- ","- ",36.401180267333984,-119.69097137451172,KINGS,UNINCORPORATED,-119.69097137451172,36.401100158691406
91504432,2021,2021-06-23,9440,2021-06-14,0530,016961,,1,3,9,1600,0,3,5,,2,010,"4TH AVE","FLINT AVE",4224.00,N,N,A,-,N,,,,,,,,,,Y,3,0,1,1,A,-,08,22107,,N,E,I,A,A,H,-,B,D,0,,,,,Y,,A,01,0,1,0,0,0,0,0,0,0,"- ","- ",36.401470184326172,-119.52877807617188,KINGS,UNINCORPORATED,-119.52890014648438,36.383857727050781
91505061,2021,2021-06-24,9440,2021-06-09,0855,016961,,3,1,9,1600,0,1,3,,1,410,SR-41,"NEVADA AVE",1056.00,N,N,A,-,Y,,,41,,,,,,,Y,2,0,3,2,A,-,06,21751,,N,A,C,A,A,H,-,A,D,0,,,,,Y,,D,22,1,1,1,0,0,0,0,0,0,"- ","- ",36.137931823730469,-119.87857818603516,KINGS,UNINCORPORATED,-119.87859344482422,36.137943267822266
91509580,2021,2021-06-30,9440,2021-06-19,0145,020998,,6,3,9,1600,0,2,4,,1,067,"14TH AVENUE","LACEY BOULEVARD",0.00,,Y,A,-,N,,,,,,,,,,Y,4,0,1,2,A,-,09,21800,A,N,D,C,A,A,H,-,C,A,0,,,,,Y,,D,22,0,0,1,0,0,0,0,0,0,"- ","- ",36.328060150146484,-119.70899200439453,KINGS,UNINCORPORATED,-119.708984375,36.328067779541016
91509647,2021,2021-06-30,9495,2021-06-23,1330,019082,,3,1,9,1600,0,1,1,,2,004,"INTERSTATE 5 (SOUTHBOUND)","WATERLOO AVENUE",1584.00,N,N,A,-,Y,,,5,,,,,,,Y,2,0,1,2,A,-,03,22350,,N,C,C,A,A,H,-,A,D,0,,,,,Y,,A,01,1,0,0,0,0,0,0,0,0,"- ","- ",35.878501892089844,-119.85579681396484,KINGS,UNINCORPORATED,-119.85575103759766,35.878547668457031
91509973,2021,2021-06-30,9440,2021-06-22,1458,019755,,2,2,9,1600,0,3,5,,2,030,"19TH AVENUE","NEVADA AVENUE",4752.00,S,N,A,-,N,,,,,,,,,,Y,3,0,1,1,A,-,08,22107,,N,F,A,A,A,H,-,A,D,0,,,,,Y,,D,22,0,1,0,0,0,0,0,0,0,"- ","- ",36.12445068359375,-119.79814147949219,KINGS,UNINCORPORATED,-119.79805755615234,36.124874114990234
91509994,2021,2021-06-30,9440,2021-06-19,0435,021114,,6,3,9,1600,0,3,5,,2,030,"GRANGEVILLE BYPASS","ELGIN AVENUE",5280.00,S,N,A,-,N,,,,,,,,,,Y,3,0,2,1,A,-,01,23152,A,N,E,I,A,A,H,-,D,D,0,,,,,Y,Y,A,01,0,2,0,0,0,0,0,0,0,"- ","- ",36.368251800537109,-119.91969299316406,KINGS,UNINCORPORATED,-119.91999053955078,36.368831634521484
91515080,2021,2021-07-07,9440,2021-06-26,0222,020936,,6,3,9,1600,0,1,3,,1,198,"SR-198 W/B FROM LEMOORE AVE","LEMOORE AVENUE",47.00,W,N,A,-,Y,,,,,,,,,,Y,3,0,1,1,A,-,01,23152,A,N,F,A,A,A,H,-,C,D,0,,,,,Y,Y,A,07,0,1,0,0,0,0,0,0,0,"- ","- ",36.292251586914062,-119.78108978271484,KINGS,UNINCORPORATED,-119.78176116943359,36.291690826416016
91518051,2021,2021-07-12,9440,2021-06-30,0450,021114,,3,3,9,1600,0,2,4,,1,040,"AVENAL CUTOFF RD.","LINCOLN AVE.",90.00,S,N,A,-,N,,,,,,,,,,Y,3,0,2,2,A,-,03,22350,,N,C,C,A,A,H,-,B,D,0,,,,Y,Y,,A,01,0,2,0,0,0,0,0,0,0,"- ","- ",36.181400299072266,-119.95561981201172,KINGS,UNINCORPORATED,-119.95578765869141,36.181278228759766
91518997,2021,2021-07-13,9495,2021-07-11,0020,021351,,7,3,9,1600,0,1,3,,1,007,"STATE ROUTE 33","STATE ROUTE 41",7920.00,S,N,A,-,Y,,,33,,,,,,,Y,3,0,1,2,A,-,05,21460,A,N,A,C,A,A,H,-,D,D,0,,,,,Y,,A,07,0,1,0,0,0,0,0,0,0,"- ","- ",35.869808197021484,-120.03616333007812,KINGS,UNINCORPORATED,-120.03623199462891,35.869770050048828