CASE_ID,ACCIDENT_YEAR,PROC_DATE,JURIS,COLLISION_DATE,COLLISION_TIME,OFFICER_ID,REPORTING_DISTRICT,DAY_OF_WEEK,CHP_SHIFT,POPULATION,CNTY_CITY_LOC,SPECIAL_COND,BEAT_TYPE,CHP_BEAT_TYPE,CITY_DIVISION_LAPD,CHP_BEAT_CLASS,BEAT_NUMBER,PRIMARY_RD,SECONDARY_RD,DISTANCE,DIRECTION,INTERSECTION,WEATHER_1,WEATHER_2,STATE_HWY_IND,CALTRANS_COUNTY,CALTRANS_DISTRICT,STATE_ROUTE,ROUTE_SUFFIX,POSTMILE_PREFIX,POSTMILE,LOCATION_TYPE,RAMP_INTERSECTION,SIDE_OF_HWY,TOW_AWAY,COLLISION_SEVERITY,NUMBER_KILLED,NUMBER_INJURED,PARTY_COUNT,PRIMARY_COLL_FACTOR,PCF_CODE_OF_VIOL,PCF_VIOL_CATEGORY,PCF_VIOLATION,PCF_VIOL_SUBSECTION,HIT_AND_RUN,TYPE_OF_COLLISION,MVIW,PED_ACTION,ROAD_SURFACE,ROAD_COND_1,ROAD_COND_2,LIGHTING,CONTROL_DEVICE,CHP_ROAD_TYPE,PEDESTRIAN_ACCIDENT,BICYCLE_ACCIDENT,MOTORCYCLE_ACCIDENT,TRUCK_ACCIDENT,NOT_PRIVATE_PROPERTY,ALCOHOL_INVOLVED,STWD_VEHTYPE_AT_FAULT,CHP_VEHTYPE_AT_FAULT,COUNT_SEVERE_INJ,COUNT_VISIBLE_INJ,COUNT_COMPLAINT_PAIN,COUNT_PED_KILLED,COUNT_PED_INJURED,COUNT_BICYCLIST_KILLED,COUNT_BICYCLIST_INJURED,COUNT_MC_KILLED,COUNT_MC_INJURED,PRIMARY_RAMP,SECONDARY_RAMP,LATITUDE,LONGITUDE,COUNTY,CITY,POINT_X,POINT_Y
9285629,2021,2021-06-30,1602,2021-05-24,0758,1465,,1,5,4,1602,0,0,0,,0,002,"FLORINDA ST","WHITNEY DR",0.00,,Y,A,-,N,,,,,,,,,,N,3,0,2,3,A,-,10,21950,A,N,G,B,B,A,H,-,A,A,0,Y,,,,Y,,A,08,0,2,0,0,2,0,0,0,0,"- ","- ",36.33489990234375,-119.6395263671875,KINGS,HANFORD,-119.63160705566406,36.334907531738281
9285851,2021,2021-08-10,1603,2021-06-08,2000,1800,LA1,2,5,3,1603,0,0,0,,0,0L3,"FOX ST","B ST",0.00,,Y,A,-,N,,,,,,,,,,Y,2,0,1,2,A,-,09,21803,A,N,D,C,A,A,H,-,A,A,0,,,Y,,Y,,C,02,1,0,0,0,0,0,0,0,1,"- ","- ",,,KINGS,LEMOORE,-119.78598022460938,36.29937744140625
9285872,2021,2021-08-04,1602,2021-06-03,1155,1465,54,4,5,4,1602,0,0,0,,0,001,"W HANFORD ARMONA RD","ANACAPA AV",0.00,,Y,A,-,N,,,,,,,,,,Y,2,0,1,2,A,-,09,21802,A,N,D,C,A,A,H,-,A,A,0,,,Y,,Y,,A,01,1,0,0,0,0,0,0,0,1,"- ","- ",36.313461303710938,-119.65998077392578,KINGS,HANFORD,-119.65994262695312,36.313453674316406
9285873,2021,2021-08-05,1602,2021-06-02,1916,1497,28,3,5,4,1602,0,0,0,,0,002,TERRACE,"10TH AV",0.00,,Y,A,-,N,,,,,,,,,,N,3,0,1,2,A,-,05,21650,1,M,H,G,A,A,H,-,A,A,0,,Y,,,Y,,L,04,0,1,0,0,0,0,1,0,0,"- ","- ",36.329891204833984,-119.63699340820312,KINGS,HANFORD,-119.63712310791016,36.347164154052734
9285874,2021,2021-08-05,1602,2021-06-01,1835,1498,35,2,5,4,1602,0,0,0,,0,002,"E MALONE ST","POLE #595881E",15.00,E,N,A,-,N,,,,,,,,,,N,3,0,1,2,A,-,08,22107,,N,D,C,A,A,H,-,A,D,0,,,,,Y,,A,01,0,1,0,0,0,0,0,0,0,"- ","- ",36.339118957519531,-119.63725280761719,KINGS,HANFORD,,
9288161,2021,2021-08-04,1602,2021-06-14,1421,1425,17,1,5,4,1602,0,0,0,,0,002,"E MAGNOLIA AV","SYCAMORE DR",0.00,,N,A,-,N,,,,,,,,,,Y,4,0,1,2,A,-,08,22107,,N,B,C,A,A,H,-,A,D,0,,,,,Y,,A,01,0,0,1,0,0,0,0,0,0,"- ","- ",36.353759765625,-119.64299774169922,KINGS,HANFORD,-119.64443206787109,36.354007720947266
9288320,2021,2021-08-06,1602,2021-06-22,1048,1421,18,2,5,4,1602,0,0,0,,0,002,"N 10TH AV","FARGO AV",0.00,,Y,A,-,N,,,,,,,,,,Y,3,0,1,2,A,-,12,21453,A,N,A,C,A,A,H,-,A,A,0,,,,,Y,,I,11,0,1,0,0,0,0,0,0,0,"- ","- ",36.357341766357422,-119.636962890625,KINGS,HANFORD,-119.63709259033203,36.357334136962891
9288455,2021,2021-07-07,1602,2021-05-31,1216,1465,40,1,5,4,1602,0,0,0,,0,001,"11TH AV","ELM ST",0.00,,Y,A,-,N,,,,,,,,,,Y,4,0,3,2,A,-,12,21453,A,N,D,C,A,A,H,-,A,A,0,,,,,Y,,A,01,0,0,3,0,0,0,0,0,0,"- ","- ",36.3343505859375,-119.65416717529297,KINGS,HANFORD,-119.65517425537109,36.333820343017578
9288537,2021,2021-08-31,1602,2021-06-18,0820,1465,14,5,5,4,1602,0,0,0,,0,001,"MUSCAT CT","N RIESLING AV",118.00,E,N,A,-,N,,,,,,,,,,Y,3,0,1,1,A,-,03,22350,,N,E,I,A,A,H,-,A,D,0,,,Y,,Y,,C,02,0,1,0,0,0,0,0,0,1,"- ","- ",36.351001739501953,-119.66699981689453,KINGS,HANFORD,-119.66741180419922,36.351116180419922
9292198,2021,2021-07-21,1603,2021-06-18,1757,1821,LC5,5,5,3,1603,0,0,0,,0,0L1,"WEST CINNAMON DR","BOARDWALK AV",14.00,W,N,A,-,N,,,,,,,,,,N,3,0,2,2,A,-,12,22450,,N,A,C,A,A,H,-,A,A,0,,,,,Y,,A,01,0,2,0,0,0,0,0,0,0,"- ","- ",,,KINGS,LEMOORE,-119.80159759521484,36.305660247802734
9292522,2021,2021-07-30,1603,2021-06-26,1210,1162,LP5,6,5,3,1603,0,0,0,,0,0L3,"SOUTH 19TH AV","RT 198",0.00,,Y,A,-,Y,KIN,6,198,-,R,9.521,R,4,W,Y,3,0,1,2,A,-,12,21453,A,N,D,C,A,A,H,-,A,A,0,,,,,Y,,D,72,0,1,0,0,0,0,0,0,0,"- ",WO,,,KINGS,LEMOORE,-119.79811859130859,36.286651611328125
9292575,2021,2021-07-22,1602,2021-05-07,0735,1427,48,5,5,4,1602,0,0,0,,0,002,"W 7TH ST",REDINGTON,10.00,W,N,A,-,N,,,,,,,,,,Y,3,0,4,2,A,-,12,21453,,N,D,C,A,A,H,-,A,A,0,,,,,Y,,D,22,0,4,0,0,0,0,0,0,0,"- ","- ",36.326141357421875,-119.64887237548828,KINGS,HANFORD,-119.64892578125,36.326126098632812
9292583,2021,2021-07-26,1602,2021-06-29,1529,1421,55,2,5,4,1602,0,0,0,,0,002,"S DOUTY ST","2ND ST",0.00,,Y,A,-,N,,,,,,,,,,Y,3,0,1,2,A,-,05,21650,,N,D,C,A,A,H,-,A,A,0,,,Y,,Y,,C,02,0,1,0,0,0,0,0,0,1,"- ","- ",36.321430206298828,-119.64444732666016,KINGS,HANFORD,-119.64447784423828,36.321453094482422
9293371,2021,2021-08-04,1601,2021-02-10,0613,187,15,3,5,3,1601,0,0,0,,0,00S,"KING AV","MAIN ACCESS RD",0.00,,Y,A,-,N,,,,,,,,,,Y,3,0,1,2,A,-,12,22450,A,N,A,C,A,A,H,-,A,A,0,,,,,Y,,A,07,0,1,0,0,0,0,0,0,0,"- ","- ",36.060230255126953,-119.5528564453125,KINGS,CORCORAN,,
9295305,2021,2021-07-30,1601,2021-03-09,1739,191,9,2,5,3,1601,0,0,0,,0,00N,"WHITLEY AV","OTIS AV",7.00,E,N,A,-,N,,,,,,,,,,N,3,0,3,2,A,-,09,21801,A,N,B,D,A,A,H,-,A,A,0,,,,,Y,,D,22,0,1,2,0,0,0,0,0,0,"- ","- ",36.098041534423828,-119.55729675292969,KINGS,CORCORAN,-119.55725860595703,36.098018646240234
9298642,2021,2021-08-12,1602,2021-06-04,1824,1484,42,5,5,4,1602,0,0,0,,0,022,"N DOUTY ST","7TH ST",0.00,,Y,A,-,N,,,,,,,,,,Y,3,0,1,2,A,-,03,22350,A,N,D,C,A,A,H,-,A,A,0,,,,,Y,,A,07,0,1,0,0,0,0,0,0,0,"- ","- ",36.326629638671875,-119.64568328857422,KINGS,HANFORD,-119.64569854736328,36.326629638671875
9298643,2021,2021-08-12,1602,2021-06-25,1044,1465,40,5,5,4,1602,0,0,0,,0,001,"11TH AV","LACEY BL",578.00,N,N,A,-,N,,,,,,,,,,Y,3,0,1,2,A,-,09,21801,A,N,A,C,A,A,H,-,A,D,0,,,,,Y,,A,01,0,1,0,0,0,0,0,0,0,"- ","- ",36.342681884765625,-119.63690185546875,KINGS,HANFORD,-119.65523529052734,36.329635620117188
9298851,2021,2021-08-16,1602,2021-07-15,1913,14101,40,4,5,4,1602,0,0,0,,0,001,"N 11TH AV","LACEY BL",0.00,,Y,A,-,N,,,,,,,,,,N,3,0,1,2,A,-,12,21453,A,N,C,C,A,A,H,-,A,A,0,,,,,Y,,D,22,0,1,0,0,0,0,0,0,0,"- ","- ",36.328128814697266,-119.65521240234375,KINGS,HANFORD,-119.65519714355469,36.328048706054688
9303332,2021,2021-08-28,1601,2021-04-23,0447,188,2,5,5,3,1601,0,0,0,,0,00N,"ORANGE AV","JOSEPHINE AV",96.00,E,N,A,-,N,,,,,,,,,,N,3,0,2,2,A,-,07,21658,A,N,D,E,A,A,D,-,D,D,0,,,,,Y,,A,01,0,2,0,0,0,0,0,0,0,"- ","- ",36.109001159667969,-119.56983947753906,KINGS,CORCORAN,-119.56952667236328,36.108997344970703
9307248,2021,2021-09-01,1601,2021-05-27,0748,168,15,4,5,3,1601,0,0,0,,0,00S,"VAN DORSTEN AV","OREGON AV",0.00,,Y,A,-,N,,,,,,,,,,N,3,0,1,2,A,-,10,21950,A,N,H,G,A,A,H,-,A,D,0,,Y,,,Y,,A,01,0,1,0,0,0,0,1,0,0,"- ","- ",36.087139129638672,-119.56308746337891,KINGS,CORCORAN,-119.56309509277344,36.087127685546875
9320244,2021,2023-06-21,1602,2021-11-30,1116,1465,42,2,5,4,1602,0,0,0,,0,002,"8TH ST","N DOUTY ST",9.00,W,N,A,-,N,,,,,,,,,,N,1,1,0,2,A,-,10,21950,A,N,G,B,B,A,H,-,A,A,0,Y,,,,Y,,D,22,0,0,0,1,0,0,0,0,0,"- ","- ",36.327701568603516,-119.64594268798828,KINGS,HANFORD,-119.64595794677734,36.327720642089844
9323535,2021,2021-10-06,1602,2021-08-28,1550,14110,32,6,5,4,1602,0,0,0,,0,001,"RODGERS RD","11TH AV",400.00,N,N,A,-,N,,,,,,,,,,Y,3,0,1,2,A,-,08,22107,,N,D,C,A,A,H,-,A,D,0,,,,,Y,,A,01,0,1,0,0,0,0,0,0,0,"- ","- ",36.335788726806641,-119.65611267089844,KINGS,HANFORD,-119.65516662597656,36.334911346435547
9323536,2021,2021-10-06,1602,2021-08-05,1218,1465,25,4,5,4,1602,0,0,0,,0,001,"W GRANGEVILLE BL","REDINGTON ST",0.00,,Y,A,-,N,,,,,,,,,,Y,3,0,2,3,A,-,12,21453,A,N,D,C,A,A,H,-,A,A,0,,,,,Y,,A,01,0,1,1,0,0,0,0,0,0,"- ","- ",36.342681884765625,-119.64932250976562,KINGS,HANFORD,-119.64931488037109,36.342685699462891
9324941,2021,2021-09-30,1602,2021-08-25,1116,1425,48,3,5,4,1602,0,0,0,,0,002,"PHILLIPS ST","4TH ST",0.00,,Y,A,-,N,,,,,,,,,,N,4,0,4,2,A,-,09,21802,A,N,D,C,A,A,H,-,A,A,0,,,,,Y,,A,01,0,0,4,0,0,0,0,0,0,"- ","- ",36.323379516601562,-119.64427185058594,KINGS,HANFORD,-119.6497802734375,36.322883605957031
9336001,2021,2021-09-22,1601,2021-04-06,1839,171,7A,2,5,3,1601,0,0,0,,0,,"WHITLEY AV","DAIRY AV",37.00,W,N,A,-,N,,,,,,,,,,Y,3,0,2,2,A,-,12,21453,A,N,B,C,A,A,H,-,A,A,0,,,,,Y,,A,01,0,1,1,0,0,0,0,0,0,TO,"- ",36.098079681396484,-119.57200622558594,KINGS,CORCORAN,-119.57217407226562,36.098068237304688
9338462,2021,2021-10-19,1602,2021-09-07,0811,1425,48,2,5,4,1602,0,0,0,,0,002,"7TH ST","REDINGTON ST",0.00,,Y,A,-,N,,,,,,,,,,Y,4,0,1,2,A,-,12,21453,A,N,D,C,A,A,H,-,A,A,0,,,,,Y,,A,07,0,0,1,0,0,0,0,0,0,"- ","- ",36.326141357421875,-119.64888000488281,KINGS,HANFORD,-119.64888763427734,36.326133728027344
9339691,2021,2021-10-25,1600,2021-05-09,2133,A43,AVL,7,5,3,1690,0,0,0,,0,0A1,"RT 269","HYDRIL RD",0.00,,Y,A,-,Y,KIN,6,269,-,-,1.055,I,5,N,Y,4,0,1,2,A,-,09,21802,A,N,D,C,A,A,H,-,D,D,0,,,,,Y,,A,01,0,0,1,0,0,0,0,0,0,"- ","- ",,,KINGS,AVENAL,-120.12159729003906,36.007926940917969
9340734,2021,2021-10-12,1602,2021-08-23,1325,1429,49,1,5,4,1602,0,0,0,,0,002,"S DOUTY ST","4TH ST",0.00,,Y,A,-,N,,,,,,,,,,N,3,0,1,2,A,-,09,21802,A,N,D,D,A,A,H,-,A,A,0,,,,,Y,,A,07,0,1,0,0,0,0,0,0,0,"- ","- ",36.323280334472656,-119.64498901367188,KINGS,HANFORD,-119.64498901367188,36.323623657226562
9340909,2021,2021-10-28,1602,2021-09-11,2202,14103,40,6,5,4,1602,0,0,0,,0,001,"N 11TH AV","N 11TH AV 533",0.00,,N,A,-,N,,,,,,,,,,N,2,0,1,2,A,-,11,21954,A,N,A,B,D,A,H,-,C,D,0,Y,,,,Y,,N,60,1,0,0,0,1,0,0,0,0,"- ","- ",36.330608367919922,-119.65493774414062,KINGS,HANFORD,-119.65518951416016,36.323577880859375
9340912,2021,2021-10-28,1602,2021-09-10,0851,14107,13,5,5,4,1602,0,0,0,,0,001,"N MADELINE DR","W BRISTOL LN",9.00,S,N,A,-,N,,,,,,,,,,Y,3,0,2,2,A,-,09,21800,A,N,D,C,A,A,H,-,A,D,0,,,,,Y,,A,01,0,2,0,0,0,0,0,0,0,"- ","- ",,,KINGS,HANFORD,-119.68282318115234,36.346828460693359
9342730,2021,2021-11-12,1602,2021-01-04,1317,1429,46,1,5,4,1602,0,0,0,,0,001,"N 12TH AV","EDISON POLE 410253E",50.00,N,N,A,-,N,,,,,,,,,,Y,4,0,1,3,A,-,03,22350,,N,C,C,A,A,H,-,A,A,0,,,,,Y,,D,72,0,0,1,0,0,0,0,0,0,"- ","- ",36.328018188476562,-119.67282104492188,KINGS,HANFORD,,
9343590,2021,2021-10-29,1602,2021-09-25,1455,14107,54,6,5,4,1602,0,0,0,,0,001,"W HANFORD ARMONA RD","OLIVE AV",18.00,E,N,A,-,N,,,,,,,,,,Y,3,0,2,3,A,-,09,21804,,N,A,C,A,A,H,-,A,A,0,,,,,Y,,A,01,0,2,0,0,0,0,0,0,0,"- ","- ",36.313461303710938,-119.66278076171875,KINGS,HANFORD,-119.66269683837891,36.313480377197266
9343593,2021,2021-10-27,1602,2021-09-05,1927,14104,18,7,5,4,1602,0,0,0,,0,002,"N 10TH AV","E LELAND WY",0.00,,Y,A,-,N,,,,,,,,,,Y,4,0,1,2,A,-,03,22350,,N,C,C,A,A,H,-,B,A,0,,,,,Y,Y,A,01,0,0,1,0,0,0,0,0,0,"- ","- ",36.349918365478516,-119.63710784912109,KINGS,HANFORD,-119.63712310791016,36.349929809570312
9347154,2021,2021-10-28,1602,2021-09-01,1903,1497,48,3,5,4,1602,0,0,0,,0,002,"W 5TH ST","REDINGTON ST",0.00,,Y,A,-,N,,,,,,,,,,Y,3,0,1,2,A,-,08,22107,,N,D,C,A,A,H,-,A,A,0,,,,Y,Y,,A,01,0,1,0,0,0,0,0,0,0,"- ","- ",36.324169158935547,-119.64839935302734,KINGS,HANFORD,-119.64842224121094,36.324188232421875
9347316,2021,2022-03-16,1602,2021-08-29,1103,1469,31,7,5,4,1602,0,0,0,,0,001,TAYLOR,HAYWARD,0.00,,Y,A,-,N,,,,,,,,,,Y,4,0,1,2,A,-,03,22350,,N,D,D,A,A,H,-,A,D,0,,,,,Y,,A,07,0,0,1,0,0,0,0,0,0,"- ","- ",36.337791442871094,-119.6793212890625,KINGS,HANFORD,-119.67935943603516,36.337787628173828
9347413,2021,2021-10-28,1602,2021-09-12,1323,1440,40,7,5,4,1602,0,0,0,,0,001,"N 11TH AV","POLE #30750",105.00,N,N,A,-,N,,,,,,,,,,N,4,0,1,2,A,-,09,21804,A,N,D,C,A,A,H,-,A,D,0,,,,,Y,,A,01,0,0,1,0,0,0,0,0,0,"- ","- ",36.328121185302734,-119.65521240234375,KINGS,HANFORD,,
9357044,2021,2021-11-23,1602,2021-10-01,1150,1496,36,5,5,4,1602,0,0,0,,0,002,"E GRANGEVILLE BL","10TH AV",32.00,E,N,A,-,N,,,,,,,,,,N,4,0,2,2,A,-,03,22350,,N,C,C,A,A,H,-,A,A,0,,,,,Y,,A,07,0,0,2,0,0,0,0,0,0,"- ","- ",36.342681884765625,-119.63690185546875,KINGS,HANFORD,-119.63694763183594,36.342689514160156
9360332,2021,2021-11-29,1601,2021-07-08,1900,171,6,4,5,3,1601,0,0,0,,0,00N,"NORBOE AV","CARDOSO AV",6.00,E,N,A,-,N,,,,,,,,,,N,4,0,1,2,A,-,09,21804,A,N,B,C,A,A,H,-,A,D,0,,,,,Y,,A,01,0,0,1,0,0,0,0,0,0,"- ","- ",36.102710723876953,-119.56259918212891,KINGS,CORCORAN,-119.5626220703125,36.102695465087891
9361922,2021,2021-11-19,1601,2021-08-26,1707,23,9,4,5,3,1601,0,0,0,,0,00N,"HANNA AV","VAN DORSTEN AV",0.00,,Y,A,-,N,,,,,,,,,,Y,3,0,2,2,A,-,09,21801,A,N,D,C,A,A,H,-,A,D,0,,,,,Y,,A,01,0,1,1,0,0,0,0,0,0,"- ","- ",36.099540710449219,-119.56321716308594,KINGS,CORCORAN,-119.56357574462891,36.099720001220703
9364073,2021,2021-12-13,1602,2021-10-10,0936,1469,11,7,5,4,1602,0,0,0,,0,002,"E FARGO AV",ENCORE,0.00,,Y,A,-,N,,,,,,,,,,Y,2,0,1,3,A,-,09,21804,,N,D,D,A,A,H,-,A,D,0,,,Y,,Y,,A,01,1,0,0,0,0,0,0,0,1,"- ","- ",36.3572998046875,-119.63349151611328,KINGS,HANFORD,-119.63314056396484,36.3572998046875
9374445,2021,2022-01-19,1600,2021-11-15,0518,A47,KINGS,1,5,3,1690,0,0,0,,0,0A1,"AVENAL CUTOFF RD","PLYMOUTH AV",0.00,,Y,E,-,N,,,,,,,,,,Y,3,0,1,1,A,-,03,22350,,N,F,A,A,B,H,-,B,D,0,,,,,Y,,D,22,0,1,0,0,0,0,0,0,0,"- ","- ",,,KINGS,AVENAL,-120.09326171875,36.074069976806641
9382532,2021,2022-03-29,1602,2021-12-03,2109,14106,57,5,5,4,1602,0,0,0,,0,002,"RT 198","9TH AV",0.00,,Y,A,-,Y,KIN,6,198,-,R,19.910,H,-,W,Y,2,0,2,2,A,-,01,23153,A,N,C,C,A,A,H,-,C,D,0,,,,,Y,Y,A,01,1,0,1,0,0,0,0,0,0,"- ","- ",36.326610565185547,-119.61743927001953,KINGS,HANFORD,-119.61978912353516,36.324485778808594
9383242,2021,2021-12-30,1602,2021-11-15,1733,14107,48,1,5,4,1602,0,0,0,,0,002,"W 4TH ST","DOUTY ST",10.00,W,N,A,-,N,,,,,,,,,,Y,3,0,1,2,A,-,21,22106,,M,D,C,A,A,H,-,C,D,0,,,,,Y,,-,,0,1,0,0,0,0,0,0,0,"- ","- ",36.323631286621094,-119.64495849609375,KINGS,HANFORD,-119.64501953125,36.323616027832031
9383244,2021,2021-12-31,1602,2021-11-21,1633,1486,16,7,5,4,1602,0,0,0,,0,001,"CARTER WY",MAGNOLIA,0.00,,Y,A,-,N,,,,,,,,,,Y,3,0,1,2,A,-,09,21802,A,N,D,C,A,A,H,-,A,A,0,,,,,Y,,A,01,0,1,0,0,0,0,0,0,0,"- ","- ",36.354000091552734,-119.64714050292969,KINGS,HANFORD,-119.64716339111328,36.353988647460938
9383618,2021,2022-01-31,1602,2021-12-14,1608,1465,54,2,5,4,1602,0,0,0,,0,001,"11TH AV","DAVIS ST",0.00,,Y,A,-,N,,,,,,,,,,Y,4,0,2,2,A,-,12,21453,A,F,D,C,A,B,H,-,A,A,0,,,,,Y,,A,01,0,0,2,0,0,0,0,0,0,"- ","- ",36.317710876464844,-119.65495300292969,KINGS,HANFORD,-119.65510559082031,36.317726135253906
9385055,2021,2022-01-18,1602,2021-12-09,1934,14104,63,4,5,4,1602,0,0,0,,0,002,"E HANFORD ARMONA RD","HARRIS ST",0.00,,Y,A,-,N,,,,,,,,,,N,4,0,1,2,A,-,01,23152,A,N,C,C,A,A,H,-,C,A,0,,,,,Y,Y,A,01,0,0,1,0,0,0,0,0,0,"- ","- ",36.313381195068359,-119.64289855957031,KINGS,HANFORD,-119.64266204833984,36.313407897949219
9385887,2021,2022-01-18,1602,2021-12-07,1720,1465,49,2,5,4,1602,0,0,0,,0,002,"DOUTY ST","5TH ST",0.00,,Y,A,-,N,,,,,,,,,,Y,4,0,1,2,A,-,09,21802,A,N,D,C,A,A,H,-,C,A,0,,,,,Y,,A,01,0,0,1,0,0,0,0,0,0,"- ","- ",36.324668884277344,-119.64521026611328,KINGS,HANFORD,-119.64524841308594,36.324703216552734
9386050,2021,2022-01-14,1602,2021-12-16,0554,14108,24,4,5,4,1602,0,0,0,,0,001,"W GRANGEVILLE BL","11TH AV",0.00,,Y,A,-,N,,,,,,,,,,Y,2,0,2,2,A,-,12,21453,A,N,D,C,A,A,H,-,C,A,0,,,,,Y,,A,01,1,0,1,0,0,0,0,0,0,"- ","- ",36.342658996582031,-119.65512084960938,KINGS,HANFORD,-119.65512847900391,36.342666625976562
9386094,2021,2022-01-04,1602,2021-11-13,0046,14103,33,6,5,4,1602,0,0,0,,0,001,"N 11TH AV",CAMERON,0.00,,Y,E,-,N,,,,,,,,,,Y,2,0,1,3,A,-,01,23152,A,N,B,C,A,B,H,-,C,D,0,,,,,Y,Y,A,01,1,0,0,0,0,0,0,0,0,"- ","- ",36.334888458251953,-119.65514373779297,KINGS,HANFORD,-119.6551513671875,36.336715698242188
9386744,2021,2022-01-10,1602,2021-11-26,1725,1497,49,5,5,4,1602,0,0,0,,0,002,"6TH ST","HARRIS ST",0.00,,Y,A,-,N,,,,,,,,,,N,4,0,1,2,A,-,00,23103,,M,G,B,F,D,H,-,D,D,0,Y,,,Y,Y,,F,76,0,0,1,0,1,0,0,0,0,"- ","- ",36.325691223144531,-119.64452362060547,KINGS,HANFORD,-119.64382171630859,36.325809478759766
9386746,2021,2022-01-26,1602,2021-12-15,1753,14113,57,3,5,4,1602,0,0,0,,0,002,"9TH AV","3RD ST",0.00,,Y,A,-,N,,,,,,,,,,Y,4,0,1,2,A,-,12,22450,A,N,D,C,A,A,H,-,D,A,0,,,,,Y,,D,22,0,0,1,0,0,0,0,0,0,"- ","- ",36.323169708251953,-119.61900329589844,KINGS,HANFORD,-119.61895751953125,36.32318115234375
9388618,2021,2022-01-20,1602,2021-12-17,2321,14106,48,5,5,4,1602,0,0,0,,0,002,"W 7TH ST","PHILLIPS ST",66.00,E,N,A,-,N,,,,,,,,,,N,3,0,1,2,A,-,11,21954,A,N,G,B,E,A,H,-,C,D,0,Y,,,,Y,,N,60,0,1,0,0,1,0,0,0,0,"- ","- ",36.326259613037109,-119.64967346191406,KINGS,HANFORD,-119.65023803710938,36.325923919677734
9388622,2021,2022-01-24,1602,2021-11-25,1951,14103,61,4,5,4,1602,0,0,0,,0,001,"HANFORD ARMONA RD",ANACAPA,0.00,,Y,A,-,N,,,,,,,,,,Y,3,0,1,2,A,-,08,22107,,N,B,C,A,A,H,-,C,D,0,,,Y,,Y,,D,22,0,1,0,0,0,0,0,0,1,"- ","- ",36.313461303710938,-119.65998077392578,KINGS,HANFORD,-119.65994262695312,36.313453674316406
9391001,2021,2022-01-25,1602,2021-12-16,2148,14103,16,4,5,4,1602,0,0,0,,0,001,"N 11TH AV","N 11TH AV 2285",0.00,,N,A,-,N,,,,,,,,,,Y,3,0,1,2,A,-,08,22107,,N,C,E,A,A,H,-,C,D,0,,,,,Y,Y,A,01,0,1,0,0,0,0,0,0,0,"- ","- ",36.357261657714844,-119.65512847900391,KINGS,HANFORD,-119.65518951416016,36.323577880859375
9396213,2021,2022-02-04,1602,2021-12-10,0600,1482,16,5,5,4,1602,0,0,0,,0,001,"N 11TH AV","POLE 225",34.00,S,N,E,-,N,,,,,,,,,,Y,3,0,1,2,A,-,21,22106,,N,B,C,A,A,H,-,C,D,0,,,,,Y,,A,01,0,1,0,0,0,0,0,0,0,"- ","- ",36.3548583984375,-119.65508270263672,KINGS,HANFORD,,
9412200,2021,2022-03-21,1601,2021-10-13,0010,188,1,3,5,3,1601,0,0,0,,0,00N,"ORANGE AV","POLE #641",0.00,,Y,A,-,N,,,,,,,,,,N,3,0,1,3,A,-,01,23152,A,N,C,E,A,A,H,-,C,D,0,,,,,Y,Y,D,72,0,1,0,0,0,0,0,0,0,"- ","- ",36.108791351318359,-119.57494354248047,KINGS,CORCORAN,,
9422117,2021,2022-05-02,1603,2021-07-26,1603,1827,LD1,1,5,3,1603,0,0,0,,0,0L1,"FOX ST","W HANFORD ARMONA RD",340.00,S,N,A,-,N,,,,,,,,,,N,3,0,1,2,A,-,10,21952,,N,G,B,E,A,H,-,A,A,0,Y,,,,Y,,A,07,0,1,0,0,1,0,0,0,0,"- ","- ",,,KINGS,LEMOORE,-119.78520965576172,36.312511444091797